index, frame, sample, time, raw[0], cal[0]
0,10,0,0.00125163,2137,-0.0257353
1,10,1,0.00250326,2137,-0.0257353
2,10,2,0.00375489,2136,-0.0169818
3,10,3,0.00500652,2137,-0.0257353
4,10,4,0.00625815,2136,-0.0169818
5,10,5,0.00750978,2137,-0.0257353
6,10,6,0.00876141,2136,-0.0169818
7,10,7,0.010013,2137,-0.0257353
8,10,8,0.0112647,2137,-0.0257353
9,10,9,0.0125163,2137,-0.0257353
10,10,10,0.0137679,2137,-0.0257353
11,10,11,0.0150196,2137,-0.0257353
12,11,0,0.0162712,2137,-0.0257353
13,11,1,0.0175228,2137,-0.0257353
14,11,2,0.0187744,2136,-0.0169818
15,11,3,0.0200261,2137,-0.0257353
16,11,4,0.0212777,2136,-0.0169818
17,11,5,0.0225293,2137,-0.0257353
18,11,6,0.023781,2136,-0.0169818
19,11,7,0.0250326,2137,-0.0257353
20,11,8,0.0262842,2137,-0.0257353
21,11,9,0.0275359,2137,-0.0257353
22,11,10,0.0287875,2137,-0.0257353
23,11,11,0.0300391,2137,-0.0257353
24,12,0,0.0312907,2137,-0.0257353
25,12,1,0.0325424,2138,-0.0344888
26,13,0,0.033794,2137,-0.0257353
27,13,1,0.0350456,2138,-0.0344888
28,13,2,0.0362973,2137,-0.0257353
29,13,3,0.0375489,2138,-0.0344888
30,13,4,0.0388005,2137,-0.0257353
31,13,5,0.0400522,2138,-0.0344888
32,13,6,0.0413038,2137,-0.0257353
33,13,7,0.0425554,2138,-0.0344888
34,14,0,0.043807,2138,-0.0344888
35,14,1,0.0450587,2138,-0.0344888
36,14,2,0.0463103,2138,-0.0344888
37,14,3,0.0475619,2138,-0.0344888
38,14,4,0.0488136,2138,-0.0344888
39,14,5,0.0500652,2138,-0.0344888
40,14,6,0.0513168,2138,-0.0344888
41,14,7,0.0525684,2138,-0.0344888
42,15,0,0.0538201,2138,-0.0344888
43,15,1,0.0550717,2138,-0.0344888
44,15,2,0.0563233,2138,-0.0344888
45,15,3,0.057575,2138,-0.0344888
46,15,4,0.0588266,2138,-0.0344888
47,15,5,0.0600782,2138,-0.0344888
48,15,6,0.0613299,2138,-0.0344888
49,15,7,0.0625815,2139,-0.0432423
50,16,0,0.0638331,2138,-0.0344888
51,16,1,0.0650847,2139,-0.0432423
52,16,2,0.0663364,2139,-0.0432423
53,16,3,0.067588,2139,-0.0432423
54,16,4,0.0688396,2138,-0.0344888
55,16,5,0.0700913,2138,-0.0344888
56,16,6,0.0713429,2138,-0.0344888
57,16,7,0.0725945,2139,-0.0432423
58,17,0,0.0738462,2138,-0.0344888
59,17,1,0.0750978,2139,-0.0432423
60,17,2,0.0763494,2138,-0.0344888
61,17,3,0.077601,2139,-0.0432423
62,17,4,0.0788527,2139,-0.0432423
63,17,5,0.0801043,2139,-0.0432423
64,17,6,0.0813559,2138,-0.0344888
65,17,7,0.0826076,2139,-0.0432423
66,18,0,0.0838592,2139,-0.0432423
67,18,1,0.0851108,2139,-0.0432423
68,18,2,0.0863625,2139,-0.0432423
69,18,3,0.0876141,2139,-0.0432423
70,18,4,0.0888657,2139,-0.0432423
71,18,5,0.0901173,2139,-0.0432423
72,18,6,0.091369,2139,-0.0432423
73,18,7,0.0926206,2139,-0.0432423
74,19,0,0.0938722,2139,-0.0432423
75,19,1,0.0951239,2139,-0.0432423
76,19,2,0.0963755,2139,-0.0432423
77,19,3,0.0976271,2138,-0.0344888
78,19,4,0.0988787,2139,-0.0432423
79,19,5,0.10013,2139,-0.0432423
80,19,6,0.101382,2138,-0.0344888
81,19,7,0.102634,2138,-0.0344888
82,20,0,0.103885,2138,-0.0344888
83,20,1,0.105137,2138,-0.0344888
84,20,2,0.106389,2138,-0.0344888
85,20,3,0.10764,2139,-0.0432423
86,20,4,0.108892,2138,-0.0344888
87,20,5,0.110143,2139,-0.0432423
88,20,6,0.111395,2139,-0.0432423
89,20,7,0.112647,2139,-0.0432423
90,21,0,0.113898,2139,-0.0432423
91,21,1,0.11515,2139,-0.0432423
92,21,2,0.116402,2139,-0.0432423
93,21,3,0.117653,2139,-0.0432423
94,21,4,0.118905,2139,-0.0432423
95,21,5,0.120156,2139,-0.0432423
96,21,6,0.121408,2138,-0.0344888
97,21,7,0.12266,2139,-0.0432423
98,22,0,0.123911,2138,-0.0344888
99,22,1,0.125163,2139,-0.0432423
100,22,2,0.126415,2138,-0.0344888
101,22,3,0.127666,2139,-0.0432423
102,22,4,0.128918,2138,-0.0344888
103,22,5,0.130169,2139,-0.0432423
104,22,6,0.131421,2139,-0.0432423
105,22,7,0.132673,2139,-0.0432423
106,23,0,0.133924,2139,-0.0432423
107,23,1,0.135176,2138,-0.0344888
108,23,2,0.136428,2138,-0.0344888
109,23,3,0.137679,2139,-0.0432423
110,23,4,0.138931,2138,-0.0344888
111,23,5,0.140183,2139,-0.0432423
112,23,6,0.141434,2138,-0.0344888
113,23,7,0.142686,2139,-0.0432423
114,24,0,0.143937,2138,-0.0344888
115,24,1,0.145189,2139,-0.0432423
116,24,2,0.146441,2139,-0.0432423
117,24,3,0.147692,2138,-0.0344888
118,24,4,0.148944,2138,-0.0344888
119,24,5,0.150196,2139,-0.0432423
120,24,6,0.151447,2138,-0.0344888
121,24,7,0.152699,2139,-0.0432423
122,25,0,0.15395,2138,-0.0344888
123,25,1,0.155202,2139,-0.0432423
124,25,2,0.156454,2138,-0.0344888
125,25,3,0.157705,2139,-0.0432423
126,25,4,0.158957,2139,-0.0432423
127,25,5,0.160209,2139,-0.0432423
128,25,6,0.16146,2138,-0.0344888
129,25,7,0.162712,2138,-0.0344888
130,26,0,0.163963,2138,-0.0344888
131,26,1,0.165215,2139,-0.0432423
132,26,2,0.166467,2138,-0.0344888
133,26,3,0.167718,2138,-0.0344888
134,26,4,0.16897,2138,-0.0344888
135,26,5,0.170222,2138,-0.0344888
136,26,6,0.171473,2138,-0.0344888
137,26,7,0.172725,2138,-0.0344888
138,27,0,0.173977,2138,-0.0344888
139,27,1,0.175228,2138,-0.0344888
140,27,2,0.17648,2137,-0.0257353
141,27,3,0.177731,2138,-0.0344888
142,27,4,0.178983,2137,-0.0257353
143,27,5,0.180235,2138,-0.0344888
144,27,6,0.181486,2138,-0.0344888
145,27,7,0.182738,2137,-0.0257353
146,28,0,0.18399,2137,-0.0257353
147,28,1,0.185241,2138,-0.0344888
148,28,2,0.186493,2137,-0.0257353
149,28,3,0.187744,2137,-0.0257353
150,28,4,0.188996,2136,-0.0169818
151,28,5,0.190248,2137,-0.0257353
152,28,6,0.191499,2137,-0.0257353
153,28,7,0.192751,2137,-0.0257353
154,29,0,0.194003,2136,-0.0169818
155,29,1,0.195254,2136,-0.0169818
156,29,2,0.196506,2136,-0.0169818
157,29,3,0.197757,2136,-0.0169818
158,29,4,0.199009,2135,-0.00822831
159,29,5,0.200261,2136,-0.0169818
160,29,6,0.201512,2135,-0.00822831
161,29,7,0.202764,2135,-0.00822831
162,30,0,0.204016,2135,-0.00822831
163,30,1,0.205267,2135,-0.00822831
164,30,2,0.206519,2134,0.000525189
165,30,3,0.207771,2134,0.000525189
166,30,4,0.209022,2134,0.000525189
167,30,5,0.210274,2134,0.000525189
168,30,6,0.211525,2133,0.00927869
169,30,7,0.212777,2132,0.0180322
170,31,0,0.214029,2128,0.0530462
171,31,1,0.21528,2128,0.0530462
172,31,2,0.216532,2128,0.0530462
173,31,3,0.217784,2126,0.0705532
174,31,4,0.219035,2126,0.0705532
175,31,5,0.220287,2126,0.0705532
176,31,6,0.221538,2125,0.0793067
177,31,7,0.22279,2124,0.0880602
178,32,0,0.224042,2128,0.0530462
179,32,1,0.225293,2128,0.0530462
180,32,2,0.226545,2128,0.0530462
181,32,3,0.227797,2126,0.0705532
182,32,4,0.229048,2126,0.0705532
183,32,5,0.2303,2126,0.0705532
184,32,6,0.231551,2125,0.0793067
185,32,7,0.232803,2124,0.0880602
186,33,0,0.234055,2123,0.0968137
187,33,1,0.235306,2122,0.105567
188,33,2,0.236558,2122,0.105567
189,33,3,0.23781,2121,0.114321
190,33,4,0.239061,2120,0.123074
191,33,5,0.240313,2119,0.131828
192,33,6,0.241565,2118,0.140581
193,33,7,0.242816,2118,0.140581
194,34,0,0.244068,2116,0.158088
195,34,1,0.245319,2117,0.149335
196,34,2,0.246571,2115,0.166842
197,34,3,0.247823,2114,0.175595
198,34,4,0.249074,2113,0.184349
199,34,5,0.250326,2113,0.184349
200,34,6,0.251578,2112,0.193102
201,34,7,0.252829,2111,0.201856
202,35,0,0.254081,2110,0.210609
203,35,1,0.255332,2109,0.219363
204,35,2,0.256584,2108,0.228116
205,35,3,0.257836,2107,0.23687
206,35,4,0.259087,2106,0.245623
207,35,5,0.260339,2106,0.245623
208,35,6,0.261591,2106,0.245623
209,35,7,0.262842,2104,0.26313
210,36,0,0.264094,2103,0.271884
211,36,1,0.265346,2102,0.280637
212,36,2,0.266597,2101,0.289391
213,36,3,0.267849,2100,0.298144
214,36,4,0.2691,2099,0.306898
215,36,5,0.270352,2099,0.306898
216,36,6,0.271604,2097,0.324405
217,36,7,0.272855,2096,0.333158
218,37,0,0.274107,2095,0.341912
219,37,1,0.275359,2094,0.350665
220,37,2,0.27661,2093,0.359419
221,37,3,0.277862,2092,0.368172
222,37,4,0.279113,2091,0.376926
223,37,5,0.280365,2090,0.385679
224,37,6,0.281617,2088,0.403186
225,37,7,0.282868,2087,0.41194
226,38,0,0.28412,2086,0.420693
227,38,1,0.285372,2085,0.429447
228,38,2,0.286623,2084,0.4382
229,38,3,0.287875,2083,0.446954
230,38,4,0.289126,2081,0.464461
231,38,5,0.290378,2081,0.464461
232,38,6,0.29163,2079,0.481968
233,38,7,0.292881,2078,0.490721
234,39,0,0.294133,2076,0.508228
235,39,1,0.295385,2076,0.508228
236,39,2,0.296636,2074,0.525735
237,39,3,0.297888,2074,0.525735
238,39,4,0.29914,2073,0.534489
239,39,5,0.300391,2072,0.543242
240,39,6,0.301643,2070,0.560749
241,39,7,0.302894,2069,0.569503
242,40,0,0.304146,2069,0.569503
243,40,1,0.305398,2068,0.578256
244,40,2,0.306649,2067,0.58701
245,40,3,0.307901,2067,0.58701
246,40,4,0.309153,2066,0.595763
247,40,5,0.310404,2064,0.61327
248,40,6,0.311656,2063,0.622024
249,40,7,0.312907,2062,0.630777
250,41,0,0.314159,2061,0.639531
251,41,1,0.315411,2062,0.630777
252,41,2,0.316662,2060,0.648284
253,41,3,0.317914,2060,0.648284
254,41,4,0.319166,2059,0.657038
255,41,5,0.320417,2059,0.657038
256,41,6,0.321669,2057,0.674545
257,41,7,0.32292,2056,0.683298
258,42,0,0.324172,2049,0.744573
259,42,1,0.325424,2048,0.753326
260,42,2,0.326675,2048,0.753326
261,42,3,0.327927,2047,0.76208
262,42,4,0.329179,2048,0.753326
263,42,5,0.33043,2046,0.770833
264,42,6,0.331682,2047,0.76208
265,42,7,0.332934,2046,0.770833
266,43,0,0.334185,2049,0.744573
267,43,1,0.335437,2048,0.753326
268,43,2,0.336688,2048,0.753326
269,43,3,0.33794,2047,0.76208
270,43,4,0.339192,2048,0.753326
271,43,5,0.340443,2046,0.770833
272,43,6,0.341695,2047,0.76208
273,43,7,0.342947,2046,0.770833
274,44,0,0.344198,2046,0.770833
275,44,1,0.34545,2046,0.770833
276,44,2,0.346701,2045,0.779587
277,44,3,0.347953,2045,0.779587
278,44,4,0.349205,2045,0.779587
279,44,5,0.350456,2045,0.779587
280,44,6,0.351708,2044,0.78834
281,44,7,0.35296,2044,0.78834
282,45,0,0.354211,2044,0.78834
283,45,1,0.355463,2044,0.78834
284,45,2,0.356714,2044,0.78834
285,45,3,0.357966,2044,0.78834
286,45,4,0.359218,2044,0.78834
287,45,5,0.360469,2044,0.78834
288,45,6,0.361721,2044,0.78834
289,45,7,0.362973,2044,0.78834
290,46,0,0.364224,2044,0.78834
291,46,1,0.365476,2045,0.779587
292,46,2,0.366728,2045,0.779587
293,46,3,0.367979,2046,0.770833
294,46,4,0.369231,2045,0.779587
295,46,5,0.370482,2046,0.770833
296,46,6,0.371734,2046,0.770833
297,46,7,0.372986,2047,0.76208
298,47,0,0.374237,2046,0.770833
299,47,1,0.375489,2047,0.76208
300,47,2,0.376741,2047,0.76208
301,47,3,0.377992,2048,0.753326
302,47,4,0.379244,2046,0.770833
303,47,5,0.380495,2048,0.753326
304,47,6,0.381747,2047,0.76208
305,47,7,0.382999,2048,0.753326
306,48,0,0.38425,2047,0.76208
307,48,1,0.385502,2049,0.744573
308,48,2,0.386754,2047,0.76208
309,48,3,0.388005,2048,0.753326
310,48,4,0.389257,2047,0.76208
311,48,5,0.390508,2049,0.744573
312,48,6,0.39176,2048,0.753326
313,48,7,0.393012,2048,0.753326
314,49,0,0.394263,2048,0.753326
315,49,1,0.395515,2049,0.744573
316,49,2,0.396767,2048,0.753326
317,49,3,0.398018,2049,0.744573
318,49,4,0.39927,2048,0.753326
319,49,5,0.400522,2048,0.753326
320,49,6,0.401773,2048,0.753326
321,49,7,0.403025,2048,0.753326
322,50,0,0.404276,2048,0.753326
323,50,1,0.405528,2049,0.744573
324,50,2,0.40678,2048,0.753326
325,50,3,0.408031,2048,0.753326
326,50,4,0.409283,2048,0.753326
327,50,5,0.410535,2049,0.744573
328,50,6,0.411786,2048,0.753326
329,50,7,0.413038,2049,0.744573
330,51,0,0.414289,2049,0.744573
331,51,1,0.415541,2049,0.744573
332,51,2,0.416793,2049,0.744573
333,51,3,0.418044,2049,0.744573
334,51,4,0.419296,2048,0.753326
335,51,5,0.420548,2049,0.744573
336,51,6,0.421799,2049,0.744573
337,51,7,0.423051,2049,0.744573
338,52,0,0.424302,2049,0.744573
339,52,1,0.425554,2049,0.744573
340,52,2,0.426806,2049,0.744573
341,52,3,0.428057,2049,0.744573
342,52,4,0.429309,2049,0.744573
343,52,5,0.430561,2049,0.744573
344,52,6,0.431812,2050,0.735819
345,52,7,0.433064,2049,0.744573
346,52,8,0.434316,2049,0.744573
347,52,9,0.435567,2049,0.744573
348,53,0,0.436819,2049,0.744573
349,53,1,0.43807,2049,0.744573
350,53,2,0.439322,2049,0.744573
351,53,3,0.440574,2049,0.744573
352,53,4,0.441825,2049,0.744573
353,53,5,0.443077,2049,0.744573
354,54,0,0.444329,2049,0.744573
355,54,1,0.44558,2049,0.744573
356,54,2,0.446832,2048,0.753326
357,54,3,0.448083,2049,0.744573
358,54,4,0.449335,2048,0.753326
359,54,5,0.450587,2048,0.753326
360,54,6,0.451838,2048,0.753326
361,54,7,0.45309,2048,0.753326
362,55,0,0.454342,2047,0.76208
363,55,1,0.455593,2048,0.753326
364,55,2,0.456845,2045,0.779587
365,55,3,0.458096,2047,0.76208
366,55,4,0.459348,2046,0.770833
367,55,5,0.4606,2045,0.779587
368,55,6,0.461851,2045,0.779587
369,55,7,0.463103,2044,0.78834
370,56,0,0.464355,2043,0.797094
371,56,1,0.465606,2042,0.805847
372,56,2,0.466858,2041,0.814601
373,56,3,0.46811,2041,0.814601
374,56,4,0.469361,2040,0.823354
375,56,5,0.470613,2039,0.832108
376,56,6,0.471864,2038,0.840861
377,56,7,0.473116,2037,0.849615
378,57,0,0.474368,2035,0.867122
379,57,1,0.475619,2034,0.875875
380,57,2,0.476871,2033,0.884629
381,57,3,0.478123,2032,0.893382
382,57,4,0.479374,2031,0.902136
383,57,5,0.480626,2030,0.910889
384,57,6,0.481877,2029,0.919643
385,57,7,0.483129,2029,0.919643
386,58,0,0.484381,2028,0.928396
387,58,1,0.485632,2026,0.945903
388,58,2,0.486884,2026,0.945903
389,58,3,0.488136,2025,0.954657
390,58,4,0.489387,2024,0.96341
391,58,5,0.490639,2023,0.972164
392,58,6,0.49189,2023,0.972164
393,58,7,0.493142,2022,0.980917
394,59,0,0.494394,2020,0.998424
395,59,1,0.495645,2020,0.998424
396,59,2,0.496897,2019,1.00718
397,59,3,0.498149,2019,1.00718
398,59,4,0.4994,2017,1.02468
399,59,5,0.500652,2017,1.02468
400,59,6,0.501904,2016,1.03344
401,59,7,0.503155,2015,1.04219
402,60,0,0.504407,2015,1.04219
403,60,1,0.505658,2014,1.05095
404,60,2,0.50691,2014,1.05095
405,60,3,0.508162,2013,1.0597
406,60,4,0.509413,2012,1.06845
407,60,5,0.510665,2012,1.06845
408,60,6,0.511917,2011,1.07721
409,60,7,0.513168,2011,1.07721
410,61,0,0.51442,2010,1.08596
411,61,1,0.515671,2010,1.08596
412,61,2,0.516923,2009,1.09471
413,61,3,0.518175,2009,1.09471
414,61,4,0.519426,2007,1.11222
415,61,5,0.520678,2008,1.10347
416,61,6,0.52193,2007,1.11222
417,61,7,0.523181,2006,1.12097
418,62,0,0.524433,2006,1.12097
419,62,1,0.525684,2005,1.12973
420,62,2,0.526936,2005,1.12973
421,62,3,0.528188,2005,1.12973
422,62,4,0.529439,2004,1.13848
423,62,5,0.530691,2005,1.12973
424,62,6,0.531943,2004,1.13848
425,62,7,0.533194,2004,1.13848
426,63,0,0.534446,2005,1.12973
427,63,1,0.535698,2005,1.12973
428,63,2,0.536949,2005,1.12973
429,63,3,0.538201,2006,1.12097
430,63,4,0.539452,2005,1.12973
431,63,5,0.540704,2006,1.12097
432,63,6,0.541956,2006,1.12097
433,63,7,0.543207,2008,1.10347
434,64,0,0.544459,2008,1.10347
435,64,1,0.545711,2009,1.09471
436,64,2,0.546962,2010,1.08596
437,64,3,0.548214,2010,1.08596
438,64,4,0.549465,2010,1.08596
439,64,5,0.550717,2012,1.06845
440,64,6,0.551969,2012,1.06845
441,64,7,0.55322,2012,1.06845
442,65,0,0.554472,2013,1.0597
443,65,1,0.555724,2014,1.05095
444,65,2,0.556975,2013,1.0597
445,65,3,0.558227,2015,1.04219
446,65,4,0.559478,2015,1.04219
447,65,5,0.56073,2017,1.02468
448,65,6,0.561982,2017,1.02468
449,65,7,0.563233,2017,1.02468
450,66,0,0.564485,2018,1.01593
451,66,1,0.565737,2020,0.998424
452,66,2,0.566988,2020,0.998424
453,66,3,0.56824,2022,0.980917
454,66,4,0.569492,2022,0.980917
455,66,5,0.570743,2023,0.972164
456,66,6,0.571995,2024,0.96341
457,66,7,0.573246,2025,0.954657
458,67,0,0.574498,2026,0.945903
459,67,1,0.57575,2027,0.93715
460,67,2,0.577001,2028,0.928396
461,67,3,0.578253,2029,0.919643
462,67,4,0.579505,2030,0.910889
463,67,5,0.580756,2031,0.902136
464,67,6,0.582008,2031,0.902136
465,67,7,0.583259,2032,0.893382
466,68,0,0.584511,2032,0.893382
467,68,1,0.585763,2033,0.884629
468,68,2,0.587014,2033,0.884629
469,68,3,0.588266,2035,0.867122
470,68,4,0.589518,2034,0.875875
471,68,5,0.590769,2035,0.867122
472,68,6,0.592021,2035,0.867122
473,68,7,0.593272,2035,0.867122
474,69,0,0.594524,2034,0.875875
475,69,1,0.595776,2035,0.867122
476,69,2,0.597027,2034,0.875875
477,69,3,0.598279,2034,0.875875
478,69,4,0.599531,2033,0.884629
479,69,5,0.600782,2033,0.884629
480,69,6,0.602034,2032,0.893382
481,69,7,0.603286,2031,0.902136
482,70,0,0.604537,2031,0.902136
483,70,1,0.605789,2030,0.910889
484,70,2,0.60704,2029,0.919643
485,70,3,0.608292,2028,0.928396
486,70,4,0.609544,2027,0.93715
487,70,5,0.610795,2025,0.954657
488,70,6,0.612047,2024,0.96341
489,70,7,0.613299,2024,0.96341
490,71,0,0.61455,2022,0.980917
491,71,1,0.615802,2022,0.980917
492,71,2,0.617053,2020,0.998424
493,71,3,0.618305,2020,0.998424
494,71,4,0.619557,2019,1.00718
495,71,5,0.620808,2018,1.01593
496,71,6,0.62206,2017,1.02468
497,71,7,0.623312,2016,1.03344
498,72,0,0.624563,2015,1.04219
499,72,1,0.625815,2015,1.04219
500,72,2,0.627066,2014,1.05095
501,72,3,0.628318,2013,1.0597
502,72,4,0.62957,2012,1.06845
503,72,5,0.630821,2012,1.06845
504,72,6,0.632073,2011,1.07721
505,72,7,0.633325,2011,1.07721
506,73,0,0.634576,2009,1.09471
507,73,1,0.635828,2009,1.09471
508,73,2,0.63708,2008,1.10347
509,73,3,0.638331,2008,1.10347
510,73,4,0.639583,2007,1.11222
511,73,5,0.640834,2007,1.11222
512,73,6,0.642086,2006,1.12097
513,73,7,0.643338,2006,1.12097
514,73,8,0.644589,2004,1.13848
515,73,9,0.645841,2005,1.12973
516,74,0,0.647093,2004,1.13848
517,74,1,0.648344,2004,1.13848
518,74,2,0.649596,2004,1.13848
519,74,3,0.650847,2004,1.13848
520,74,4,0.652099,2003,1.14723
521,74,5,0.653351,2003,1.14723
522,75,0,0.654602,2003,1.14723
523,75,1,0.655854,2003,1.14723
524,75,2,0.657106,2003,1.14723
525,75,3,0.658357,2003,1.14723
526,75,4,0.659609,2002,1.15599
527,75,5,0.66086,2002,1.15599
528,75,6,0.662112,2002,1.15599
529,75,7,0.663364,2003,1.14723
530,76,0,0.664615,2003,1.14723
531,76,1,0.665867,2003,1.14723
532,76,2,0.667119,2003,1.14723
533,76,3,0.66837,2004,1.13848
534,76,4,0.669622,2003,1.14723
535,76,5,0.670874,2004,1.13848
536,76,6,0.672125,2003,1.14723
537,76,7,0.673377,2004,1.13848
538,77,0,0.674628,2003,1.14723
539,77,1,0.67588,2004,1.13848
540,77,2,0.677132,2004,1.13848
541,77,3,0.678383,2004,1.13848
542,77,4,0.679635,2004,1.13848
543,77,5,0.680887,2004,1.13848
544,77,6,0.682138,2004,1.13848
545,77,7,0.68339,2004,1.13848
546,78,0,0.684641,2004,1.13848
547,78,1,0.685893,2005,1.12973
548,78,2,0.687145,2004,1.13848
549,78,3,0.688396,2005,1.12973
550,78,4,0.689648,2005,1.12973
551,78,5,0.6909,2006,1.12097
552,78,6,0.692151,2006,1.12097
553,78,7,0.693403,2007,1.11222
554,79,0,0.694654,2007,1.11222
555,79,1,0.695906,2008,1.10347
556,79,2,0.697158,2009,1.09471
557,79,3,0.698409,2010,1.08596
558,79,4,0.699661,2011,1.07721
559,79,5,0.700913,2013,1.0597
560,79,6,0.702164,2013,1.0597
561,79,7,0.703416,2015,1.04219
562,80,0,0.704668,2016,1.03344
563,80,1,0.705919,2017,1.02468
564,80,2,0.707171,2017,1.02468
565,80,3,0.708422,2019,1.00718
566,80,4,0.709674,2019,1.00718
567,80,5,0.710926,2021,0.989671
568,80,6,0.712177,2021,0.989671
569,80,7,0.713429,2022,0.980917
570,81,0,0.714681,2022,0.980917
571,81,1,0.715932,2024,0.96341
572,81,2,0.717184,2024,0.96341
573,81,3,0.718435,2025,0.954657
574,81,4,0.719687,2025,0.954657
575,81,5,0.720939,2027,0.93715
576,81,6,0.72219,2027,0.93715
577,81,7,0.723442,2028,0.928396
578,82,0,0.724694,2028,0.928396
579,82,1,0.725945,2029,0.919643
580,82,2,0.727197,2029,0.919643
581,82,3,0.728449,2030,0.910889
582,82,4,0.7297,2031,0.902136
583,82,5,0.730952,2031,0.902136
584,82,6,0.732203,2031,0.902136
585,82,7,0.733455,2031,0.902136
586,83,0,0.734707,2031,0.902136
587,83,1,0.735958,2032,0.893382
588,83,2,0.73721,2032,0.893382
589,83,3,0.738462,2032,0.893382
590,83,4,0.739713,2032,0.893382
591,83,5,0.740965,2032,0.893382
592,83,6,0.742216,2031,0.902136
593,83,7,0.743468,2031,0.902136
594,84,0,0.74472,2031,0.902136
595,84,1,0.745971,2032,0.893382
596,84,2,0.747223,2031,0.902136
597,84,3,0.748475,2031,0.902136
598,84,4,0.749726,2031,0.902136
599,84,5,0.750978,2030,0.910889
600,84,6,0.752229,2030,0.910889
601,84,7,0.753481,2030,0.910889
602,85,0,0.754733,2029,0.919643
603,85,1,0.755984,2030,0.910889
604,85,2,0.757236,2030,0.910889
605,85,3,0.758488,2030,0.910889
606,85,4,0.759739,2030,0.910889
607,85,5,0.760991,2031,0.902136
608,85,6,0.762243,2031,0.902136
609,85,7,0.763494,2033,0.884629
610,86,0,0.764746,2032,0.893382
611,86,1,0.765997,2034,0.875875
612,86,2,0.767249,2034,0.875875
613,86,3,0.768501,2035,0.867122
614,86,4,0.769752,2035,0.867122
615,86,5,0.771004,2037,0.849615
616,86,6,0.772256,2038,0.840861
617,86,7,0.773507,2039,0.832108
618,87,0,0.774759,2040,0.823354
619,87,1,0.77601,2042,0.805847
620,87,2,0.777262,2042,0.805847
621,87,3,0.778514,2043,0.797094
622,87,4,0.779765,2044,0.78834
623,87,5,0.781017,2046,0.770833
624,87,6,0.782269,2046,0.770833
625,87,7,0.78352,2048,0.753326
626,88,0,0.784772,2048,0.753326
627,88,1,0.786023,2049,0.744573
628,88,2,0.787275,2050,0.735819
629,88,3,0.788527,2051,0.727066
630,88,4,0.789778,2052,0.718312
631,88,5,0.79103,2054,0.700805
632,88,6,0.792282,2054,0.700805
633,88,7,0.793533,2054,0.700805
634,89,0,0.794785,2055,0.692052
635,89,1,0.796037,2056,0.683298
636,89,2,0.797288,2055,0.692052
637,89,3,0.79854,2057,0.674545
638,89,4,0.799791,2058,0.665791
639,89,5,0.801043,2058,0.665791
640,89,6,0.802295,2059,0.657038
641,89,7,0.803546,2059,0.657038
642,90,0,0.804798,2059,0.657038
643,90,1,0.80605,2060,0.648284
644,90,2,0.807301,2060,0.648284
645,90,3,0.808553,2061,0.639531
646,90,4,0.809804,2061,0.639531
647,90,5,0.811056,2062,0.630777
648,90,6,0.812308,2063,0.622024
649,90,7,0.813559,2064,0.61327
650,91,0,0.814811,2065,0.604517
651,91,1,0.816063,2066,0.595763
652,91,2,0.817314,2067,0.58701
653,91,3,0.818566,2068,0.578256
654,91,4,0.819817,2068,0.578256
655,91,5,0.821069,2070,0.560749
656,91,6,0.822321,2071,0.551996
657,91,7,0.823572,2072,0.543242
658,92,0,0.824824,2073,0.534489
659,92,1,0.826076,2075,0.516982
660,92,2,0.827327,2077,0.499475
661,92,3,0.828579,2078,0.490721
662,92,4,0.829831,2080,0.473214
663,92,5,0.831082,2081,0.464461
664,92,6,0.832334,2082,0.455707
665,92,7,0.833585,2084,0.4382
666,93,0,0.834837,2086,0.420693
667,93,1,0.836089,2088,0.403186
668,93,2,0.83734,2089,0.394433
669,93,3,0.838592,2092,0.368172
670,93,4,0.839844,2093,0.359419
671,93,5,0.841095,2096,0.333158
672,93,6,0.842347,2097,0.324405
673,93,7,0.843598,2099,0.306898
674,94,0,0.84485,2100,0.298144
675,94,1,0.846102,2102,0.280637
676,94,2,0.847353,2104,0.26313
677,94,3,0.848605,2106,0.245623
678,94,4,0.849857,2107,0.23687
679,94,5,0.851108,2108,0.228116
680,94,6,0.85236,2110,0.210609
681,94,7,0.853611,2111,0.201856
682,95,0,0.854863,2112,0.193102
683,95,1,0.856115,2114,0.175595
684,95,2,0.857366,2114,0.175595
685,95,3,0.858618,2116,0.158088
686,95,4,0.85987,2117,0.149335
687,95,5,0.861121,2118,0.140581
688,95,6,0.862373,2118,0.140581
689,95,7,0.863625,2120,0.123074
690,96,0,0.864876,2120,0.123074
691,96,1,0.866128,2122,0.105567
692,96,2,0.867379,2122,0.105567
693,96,3,0.868631,2123,0.0968137
694,96,4,0.869883,2122,0.105567
695,96,5,0.871134,2123,0.0968137
696,96,6,0.872386,2123,0.0968137
697,96,7,0.873638,2124,0.0880602
698,97,0,0.874889,2123,0.0968137
699,97,1,0.876141,2124,0.0880602
700,97,2,0.877392,2123,0.0968137
701,97,3,0.878644,2124,0.0880602
702,97,4,0.879896,2124,0.0880602
703,97,5,0.881147,2124,0.0880602
704,97,6,0.882399,2123,0.0968137
705,97,7,0.883651,2124,0.0880602
706,98,0,0.884902,2123,0.0968137
707,98,1,0.886154,2124,0.0880602
708,98,2,0.887405,2123,0.0968137
709,98,3,0.888657,2124,0.0880602
710,98,4,0.889909,2124,0.0880602
711,98,5,0.89116,2124,0.0880602
712,98,6,0.892412,2123,0.0968137
713,98,7,0.893664,2124,0.0880602
714,99,0,0.894915,2124,0.0880602
715,99,1,0.896167,2125,0.0793067
716,99,2,0.897419,2125,0.0793067
717,99,3,0.89867,2126,0.0705532
718,99,4,0.899922,2126,0.0705532
719,99,5,0.901173,2127,0.0617997
720,99,6,0.902425,2127,0.0617997
721,99,7,0.903677,2129,0.0442927
722,100,0,0.904928,2129,0.0442927
723,100,1,0.90618,2131,0.0267857
724,100,2,0.907432,2131,0.0267857
725,100,3,0.908683,2132,0.0180322
726,100,4,0.909935,2132,0.0180322
727,100,5,0.911186,2134,0.000525189
728,100,6,0.912438,2134,0.000525189
729,100,7,0.91369,2134,0.000525189
730,101,0,0.914941,2133,0.00927869
731,101,1,0.916193,2133,0.00927869
732,101,2,0.917445,2132,0.0180322
733,101,3,0.918696,2132,0.0180322
734,101,4,0.919948,2132,0.0180322
735,101,5,0.921199,2133,0.00927869
736,101,6,0.922451,2133,0.00927869
737,101,7,0.923703,2133,0.00927869
738,102,0,0.924954,2133,0.00927869
739,102,1,0.926206,2133,0.00927869
740,102,2,0.927458,2133,0.00927869
741,102,3,0.928709,2133,0.00927869
742,102,4,0.929961,2133,0.00927869
743,102,5,0.931213,2133,0.00927869
744,102,6,0.932464,2133,0.00927869
745,102,7,0.933716,2134,0.000525189
746,103,0,0.934967,2133,0.00927869
747,103,1,0.936219,2133,0.00927869
748,103,2,0.937471,2133,0.00927869
749,103,3,0.938722,2133,0.00927869
750,103,4,0.939974,2133,0.00927869
751,103,5,0.941226,2133,0.00927869
752,103,6,0.942477,2133,0.00927869
753,103,7,0.943729,2133,0.00927869
754,104,0,0.94498,2133,0.00927869
755,104,1,0.946232,2133,0.00927869
756,104,2,0.947484,2133,0.00927869
757,104,3,0.948735,2133,0.00927869
758,104,4,0.949987,2133,0.00927869
759,104,5,0.951239,2133,0.00927869
760,104,6,0.95249,2133,0.00927869
761,104,7,0.953742,2133,0.00927869
762,105,0,0.954993,2132,0.0180322
763,105,1,0.956245,2134,0.000525189
764,105,2,0.957497,2133,0.00927869
765,105,3,0.958748,2134,0.000525189
766,105,4,0.96,2133,0.00927869
767,105,5,0.961252,2133,0.00927869
768,105,6,0.962503,2133,0.00927869
769,105,7,0.963755,2133,0.00927869
770,106,0,0.965007,2133,0.00927869
771,106,1,0.966258,2133,0.00927869
772,106,2,0.96751,2133,0.00927869
773,106,3,0.968761,2133,0.00927869
774,106,4,0.970013,2133,0.00927869
775,106,5,0.971265,2134,0.000525189
776,106,6,0.972516,2133,0.00927869
777,106,7,0.973768,2134,0.000525189
778,107,0,0.97502,2133,0.00927869
779,107,1,0.976271,2134,0.000525189
780,107,2,0.977523,2133,0.00927869
781,107,3,0.978774,2134,0.000525189
782,107,4,0.980026,2133,0.00927869
783,107,5,0.981278,2134,0.000525189
784,107,6,0.982529,2133,0.00927869
785,107,7,0.983781,2134,0.000525189
786,108,0,0.985033,2133,0.00927869
787,108,1,0.986284,2134,0.000525189
788,108,2,0.987536,2133,0.00927869
789,108,3,0.988787,2134,0.000525189
790,108,4,0.990039,2133,0.00927869
791,108,5,0.991291,2134,0.000525189
792,108,6,0.992542,2133,0.00927869
793,108,7,0.993794,2134,0.000525189
794,109,0,0.995046,2133,0.00927869
795,109,1,0.996297,2134,0.000525189
796,109,2,0.997549,2133,0.00927869
797,109,3,0.998801,2134,0.000525189
798,109,4,1.00005,2134,0.000525189
799,109,5,1.0013,2134,0.000525189
800,109,6,1.00256,2134,0.000525189
801,109,7,1.00381,2134,0.000525189
802,110,0,1.00506,2134,0.000525189
803,110,1,1.00631,2134,0.000525189
804,110,2,1.00756,2133,0.00927869
805,110,3,1.00881,2134,0.000525189
806,110,4,1.01007,2134,0.000525189
807,110,5,1.01132,2134,0.000525189
808,110,6,1.01257,2134,0.000525189
809,110,7,1.01382,2134,0.000525189
810,111,0,1.01507,2134,0.000525189
811,111,1,1.01632,2134,0.000525189
812,111,2,1.01757,2134,0.000525189
813,111,3,1.01883,2134,0.000525189
814,111,4,1.02008,2134,0.000525189
815,111,5,1.02133,2134,0.000525189
816,111,6,1.02258,2134,0.000525189
817,111,7,1.02383,2134,0.000525189
818,112,0,1.02508,2134,0.000525189
819,112,1,1.02634,2134,0.000525189
820,112,2,1.02759,2133,0.00927869
821,112,3,1.02884,2134,0.000525189
822,112,4,1.03009,2134,0.000525189
823,112,5,1.03134,2134,0.000525189
824,112,6,1.03259,2134,0.000525189
825,112,7,1.03385,2134,0.000525189
826,113,0,1.0351,2134,0.000525189
827,113,1,1.03635,2135,-0.00822831
828,113,2,1.0376,2134,0.000525189
829,113,3,1.03885,2134,0.000525189
830,113,4,1.0401,2134,0.000525189
831,113,5,1.04136,2134,0.000525189
832,113,6,1.04261,2134,0.000525189
833,113,7,1.04386,2134,0.000525189
834,114,0,1.04511,2134,0.000525189
835,114,1,1.04636,2135,-0.00822831
836,114,2,1.04761,2134,0.000525189
837,114,3,1.04887,2134,0.000525189
838,114,4,1.05012,2134,0.000525189
839,114,5,1.05137,2134,0.000525189
840,114,6,1.05262,2134,0.000525189
841,114,7,1.05387,2134,0.000525189
842,115,0,1.05512,2134,0.000525189
843,115,1,1.05638,2134,0.000525189
844,115,2,1.05763,2134,0.000525189
845,115,3,1.05888,2135,-0.00822831
846,115,4,1.06013,2134,0.000525189
847,115,5,1.06138,2135,-0.00822831
848,115,6,1.06263,2134,0.000525189
849,115,7,1.06389,2135,-0.00822831
850,116,0,1.06514,2134,0.000525189
851,116,1,1.06639,2135,-0.00822831
852,116,2,1.06764,2134,0.000525189
853,116,3,1.06889,2134,0.000525189
854,116,4,1.07014,2134,0.000525189
855,116,5,1.0714,2135,-0.00822831
856,116,6,1.07265,2134,0.000525189
857,116,7,1.0739,2135,-0.00822831
858,117,0,1.07515,2134,0.000525189
859,117,1,1.0764,2135,-0.00822831
860,117,2,1.07765,2134,0.000525189
861,117,3,1.0789,2135,-0.00822831
862,117,4,1.08016,2135,-0.00822831
863,117,5,1.08141,2134,0.000525189
864,117,6,1.08266,2135,-0.00822831
865,117,7,1.08391,2135,-0.00822831
866,118,0,1.08516,2134,0.000525189
867,118,1,1.08641,2135,-0.00822831
868,118,2,1.08767,2135,-0.00822831
869,118,3,1.08892,2135,-0.00822831
870,118,4,1.09017,2135,-0.00822831
871,118,5,1.09142,2135,-0.00822831
872,118,6,1.09267,2135,-0.00822831
873,118,7,1.09392,2135,-0.00822831
874,119,0,1.09518,2134,0.000525189
875,119,1,1.09643,2135,-0.00822831
876,119,2,1.09768,2135,-0.00822831
877,119,3,1.09893,2135,-0.00822831
878,119,4,1.10018,2135,-0.00822831
879,119,5,1.10143,2136,-0.0169818
880,119,6,1.10269,2135,-0.00822831
881,119,7,1.10394,2135,-0.00822831
882,120,0,1.10519,2135,-0.00822831
883,120,1,1.10644,2135,-0.00822831
884,120,2,1.10769,2135,-0.00822831
885,120,3,1.10894,2135,-0.00822831
886,120,4,1.1102,2135,-0.00822831
887,120,5,1.11145,2135,-0.00822831
888,120,6,1.1127,2134,0.000525189
889,120,7,1.11395,2135,-0.00822831
890,121,0,1.1152,2135,-0.00822831
891,121,1,1.11645,2135,-0.00822831
892,121,2,1.11771,2135,-0.00822831
893,121,3,1.11896,2135,-0.00822831
894,121,4,1.12021,2135,-0.00822831
895,121,5,1.12146,2136,-0.0169818
896,121,6,1.12271,2135,-0.00822831
897,121,7,1.12396,2135,-0.00822831
898,122,0,1.12522,2134,0.000525189
899,122,1,1.12647,2135,-0.00822831
900,122,2,1.12772,2135,-0.00822831
901,122,3,1.12897,2135,-0.00822831
902,122,4,1.13022,2135,-0.00822831
903,122,5,1.13147,2136,-0.0169818
904,122,6,1.13272,2135,-0.00822831
905,122,7,1.13398,2136,-0.0169818
906,123,0,1.13523,2135,-0.00822831
907,123,1,1.13648,2135,-0.00822831
908,123,2,1.13773,2135,-0.00822831
909,123,3,1.13898,2135,-0.00822831
910,123,4,1.14023,2135,-0.00822831
911,123,5,1.14149,2135,-0.00822831
912,123,6,1.14274,2135,-0.00822831
913,123,7,1.14399,2135,-0.00822831
914,124,0,1.14524,2134,0.000525189
915,124,1,1.14649,2135,-0.00822831
916,124,2,1.14774,2135,-0.00822831
917,124,3,1.149,2135,-0.00822831
918,124,4,1.15025,2135,-0.00822831
919,124,5,1.1515,2135,-0.00822831
920,124,6,1.15275,2136,-0.0169818
921,124,7,1.154,2136,-0.0169818
922,125,0,1.15525,2135,-0.00822831
923,125,1,1.15651,2135,-0.00822831
924,125,2,1.15776,2134,0.000525189
925,125,3,1.15901,2135,-0.00822831
926,125,4,1.16026,2135,-0.00822831
927,125,5,1.16151,2136,-0.0169818
928,125,6,1.16276,2135,-0.00822831
929,125,7,1.16402,2135,-0.00822831
930,126,0,1.16527,2135,-0.00822831
931,126,1,1.16652,2136,-0.0169818
932,126,2,1.16777,2135,-0.00822831
933,126,3,1.16902,2136,-0.0169818
934,126,4,1.17027,2135,-0.00822831
935,126,5,1.17153,2136,-0.0169818
936,126,6,1.17278,2135,-0.00822831
937,126,7,1.17403,2136,-0.0169818
938,127,0,1.17528,2135,-0.00822831
939,127,1,1.17653,2136,-0.0169818
940,127,2,1.17778,2135,-0.00822831
941,127,3,1.17904,2136,-0.0169818
942,127,4,1.18029,2135,-0.00822831
943,127,5,1.18154,2136,-0.0169818
944,127,6,1.18279,2135,-0.00822831
945,127,7,1.18404,2136,-0.0169818
946,128,0,1.18529,2136,-0.0169818
947,128,1,1.18654,2136,-0.0169818
948,128,2,1.1878,2135,-0.00822831
949,128,3,1.18905,2136,-0.0169818
950,128,4,1.1903,2136,-0.0169818
951,128,5,1.19155,2136,-0.0169818
952,128,6,1.1928,2135,-0.00822831
953,128,7,1.19405,2135,-0.00822831
954,129,0,1.19531,2135,-0.00822831
955,129,1,1.19656,2135,-0.00822831
956,129,2,1.19781,2135,-0.00822831
957,129,3,1.19906,2136,-0.0169818
958,129,4,1.20031,2135,-0.00822831
959,129,5,1.20156,2136,-0.0169818
960,129,6,1.20282,2136,-0.0169818
961,129,7,1.20407,2136,-0.0169818
962,130,0,1.20532,2136,-0.0169818
963,130,1,1.20657,2136,-0.0169818
964,130,2,1.20782,2136,-0.0169818
965,130,3,1.20907,2136,-0.0169818
966,130,4,1.21033,2136,-0.0169818
967,130,5,1.21158,2136,-0.0169818
968,130,6,1.21283,2135,-0.00822831
969,130,7,1.21408,2136,-0.0169818
970,131,0,1.21533,2135,-0.00822831
971,131,1,1.21658,2136,-0.0169818
972,131,2,1.21784,2135,-0.00822831
973,131,3,1.21909,2136,-0.0169818
974,131,4,1.22034,2135,-0.00822831
975,131,5,1.22159,2136,-0.0169818
976,131,6,1.22284,2135,-0.00822831
977,131,7,1.22409,2135,-0.00822831
978,132,0,1.22535,2135,-0.00822831
979,132,1,1.2266,2136,-0.0169818
980,132,2,1.22785,2135,-0.00822831
981,132,3,1.2291,2136,-0.0169818
982,132,4,1.23035,2136,-0.0169818
983,132,5,1.2316,2136,-0.0169818
984,132,6,1.23286,2135,-0.00822831
985,132,7,1.23411,2136,-0.0169818
986,133,0,1.23536,2135,-0.00822831
987,133,1,1.23661,2135,-0.00822831
988,133,2,1.23786,2136,-0.0169818
989,133,3,1.23911,2136,-0.0169818
990,133,4,1.24037,2136,-0.0169818
991,133,5,1.24162,2135,-0.00822831
992,133,6,1.24287,2135,-0.00822831
993,133,7,1.24412,2136,-0.0169818
994,134,0,1.24537,2135,-0.00822831
995,134,1,1.24662,2136,-0.0169818
996,134,2,1.24787,2135,-0.00822831
997,134,3,1.24913,2136,-0.0169818
998,134,4,1.25038,2135,-0.00822831
999,134,5,1.25163,2136,-0.0169818
1000,134,6,1.25288,2136,-0.0169818
1001,134,7,1.25413,2136,-0.0169818
1002,135,0,1.25538,2135,-0.00822831
1003,135,1,1.25664,2136,-0.0169818
1004,135,2,1.25789,2136,-0.0169818
1005,135,3,1.25914,2136,-0.0169818
1006,135,4,1.26039,2136,-0.0169818
1007,135,5,1.26164,2135,-0.00822831
1008,135,6,1.26289,2135,-0.00822831
1009,135,7,1.26415,2137,-0.0257353
1010,136,0,1.2654,2136,-0.0169818
1011,136,1,1.26665,2136,-0.0169818
1012,136,2,1.2679,2136,-0.0169818
1013,136,3,1.26915,2136,-0.0169818
1014,136,4,1.2704,2135,-0.00822831
1015,136,5,1.27166,2135,-0.00822831
1016,136,6,1.27291,2135,-0.00822831
1017,136,7,1.27416,2136,-0.0169818
1018,137,0,1.27541,2135,-0.00822831
1019,137,1,1.27666,2136,-0.0169818
1020,137,2,1.27791,2136,-0.0169818
1021,137,3,1.27917,2136,-0.0169818
1022,137,4,1.28042,2135,-0.00822831
1023,137,5,1.28167,2136,-0.0169818
1024,137,6,1.28292,2136,-0.0169818
1025,137,7,1.28417,2138,-0.0344888
1026,138,0,1.28542,2137,-0.0257353
1027,138,1,1.28668,2138,-0.0344888
1028,138,2,1.28793,2137,-0.0257353
1029,138,3,1.28918,2137,-0.0257353
1030,138,4,1.29043,2137,-0.0257353
1031,138,5,1.29168,2138,-0.0344888
1032,138,6,1.29293,2137,-0.0257353
1033,138,7,1.29419,2138,-0.0344888
1034,139,0,1.29544,2137,-0.0257353
1035,139,1,1.29669,2137,-0.0257353
1036,139,2,1.29794,2137,-0.0257353
1037,139,3,1.29919,2138,-0.0344888
1038,139,4,1.30044,2137,-0.0257353
1039,139,5,1.30169,2137,-0.0257353
1040,139,6,1.30295,2137,-0.0257353
1041,139,7,1.3042,2137,-0.0257353
1042,140,0,1.30545,2137,-0.0257353
1043,140,1,1.3067,2137,-0.0257353
1044,140,2,1.30795,2137,-0.0257353
1045,140,3,1.3092,2138,-0.0344888
1046,140,4,1.31046,2137,-0.0257353
1047,140,5,1.31171,2138,-0.0344888
1048,140,6,1.31296,2137,-0.0257353
1049,140,7,1.31421,2138,-0.0344888
1050,141,0,1.31546,2137,-0.0257353
1051,141,1,1.31671,2138,-0.0344888
1052,141,2,1.31797,2137,-0.0257353
1053,141,3,1.31922,2138,-0.0344888
1054,141,4,1.32047,2137,-0.0257353
1055,141,5,1.32172,2138,-0.0344888
1056,141,6,1.32297,2137,-0.0257353
1057,141,7,1.32422,2138,-0.0344888
1058,142,0,1.32548,2137,-0.0257353
1059,142,1,1.32673,2137,-0.0257353
1060,142,2,1.32798,2137,-0.0257353
1061,142,3,1.32923,2138,-0.0344888
1062,142,4,1.33048,2136,-0.0169818
1063,142,5,1.33173,2137,-0.0257353
1064,142,6,1.33299,2137,-0.0257353
1065,142,7,1.33424,2138,-0.0344888
1066,143,0,1.33549,2138,-0.0344888
1067,143,1,1.33674,2138,-0.0344888
1068,143,2,1.33799,2137,-0.0257353
1069,143,3,1.33924,2138,-0.0344888
1070,143,4,1.3405,2137,-0.0257353
1071,143,5,1.34175,2137,-0.0257353
1072,143,6,1.343,2137,-0.0257353
1073,143,7,1.34425,2138,-0.0344888
1074,144,0,1.3455,2137,-0.0257353
1075,144,1,1.34675,2138,-0.0344888
1076,144,2,1.34801,2137,-0.0257353
1077,144,3,1.34926,2137,-0.0257353
1078,144,4,1.35051,2138,-0.0344888
1079,144,5,1.35176,2137,-0.0257353
1080,144,6,1.35301,2137,-0.0257353
1081,144,7,1.35426,2138,-0.0344888
1082,145,0,1.35551,2138,-0.0344888
1083,145,1,1.35677,2137,-0.0257353
1084,145,2,1.35802,2137,-0.0257353
1085,145,3,1.35927,2138,-0.0344888
1086,145,4,1.36052,2138,-0.0344888
1087,145,5,1.36177,2138,-0.0344888
1088,145,6,1.36302,2137,-0.0257353
1089,145,7,1.36428,2138,-0.0344888
1090,146,0,1.36553,2137,-0.0257353
1091,146,1,1.36678,2138,-0.0344888
1092,146,2,1.36803,2137,-0.0257353
1093,146,3,1.36928,2138,-0.0344888
1094,146,4,1.37053,2137,-0.0257353
1095,146,5,1.37179,2138,-0.0344888
1096,146,6,1.37304,2137,-0.0257353
1097,146,7,1.37429,2137,-0.0257353
1098,147,0,1.37554,2137,-0.0257353
1099,147,1,1.37679,2138,-0.0344888
1100,147,2,1.37804,2138,-0.0344888
1101,147,3,1.3793,2137,-0.0257353
1102,147,4,1.38055,2137,-0.0257353
1103,147,5,1.3818,2137,-0.0257353
1104,147,6,1.38305,2137,-0.0257353
1105,147,7,1.3843,2138,-0.0344888
1106,148,0,1.38555,2137,-0.0257353
1107,148,1,1.38681,2137,-0.0257353
1108,148,2,1.38806,2137,-0.0257353
1109,148,3,1.38931,2137,-0.0257353
1110,148,4,1.39056,2138,-0.0344888
1111,148,5,1.39181,2138,-0.0344888
1112,148,6,1.39306,2137,-0.0257353
1113,148,7,1.39432,2138,-0.0344888
1114,149,0,1.39557,2137,-0.0257353
1115,149,1,1.39682,2138,-0.0344888
1116,149,2,1.39807,2137,-0.0257353
1117,149,3,1.39932,2137,-0.0257353
1118,149,4,1.40057,2137,-0.0257353
1119,149,5,1.40183,2138,-0.0344888
1120,149,6,1.40308,2137,-0.0257353
1121,149,7,1.40433,2137,-0.0257353
1122,150,0,1.40558,2137,-0.0257353
1123,150,1,1.40683,2138,-0.0344888
1124,150,2,1.40808,2137,-0.0257353
1125,150,3,1.40934,2138,-0.0344888
1126,150,4,1.41059,2137,-0.0257353
1127,150,5,1.41184,2137,-0.0257353
1128,150,6,1.41309,2137,-0.0257353
1129,150,7,1.41434,2138,-0.0344888
1130,151,0,1.41559,2137,-0.0257353
1131,151,1,1.41684,2137,-0.0257353
1132,151,2,1.4181,2137,-0.0257353
1133,151,3,1.41935,2138,-0.0344888
1134,151,4,1.4206,2137,-0.0257353
1135,151,5,1.42185,2138,-0.0344888
1136,151,6,1.4231,2137,-0.0257353
1137,151,7,1.42435,2138,-0.0344888
1138,152,0,1.42561,2138,-0.0344888
1139,152,1,1.42686,2138,-0.0344888
1140,152,2,1.42811,2137,-0.0257353
1141,152,3,1.42936,2138,-0.0344888
1142,152,4,1.43061,2138,-0.0344888
1143,152,5,1.43186,2138,-0.0344888
1144,152,6,1.43312,2138,-0.0344888
1145,152,7,1.43437,2138,-0.0344888
1146,153,0,1.43562,2138,-0.0344888
1147,153,1,1.43687,2138,-0.0344888
1148,153,2,1.43812,2138,-0.0344888
1149,153,3,1.43937,2138,-0.0344888
1150,153,4,1.44063,2137,-0.0257353
1151,153,5,1.44188,2138,-0.0344888
1152,153,6,1.44313,2137,-0.0257353
1153,153,7,1.44438,2138,-0.0344888
1154,154,0,1.44563,2137,-0.0257353
1155,154,1,1.44688,2137,-0.0257353
1156,154,2,1.44814,2138,-0.0344888
1157,154,3,1.44939,2138,-0.0344888
1158,154,4,1.45064,2138,-0.0344888
1159,154,5,1.45189,2138,-0.0344888
1160,154,6,1.45314,2137,-0.0257353
1161,154,7,1.45439,2137,-0.0257353
1162,155,0,1.45565,2137,-0.0257353
1163,155,1,1.4569,2138,-0.0344888
1164,155,2,1.45815,2137,-0.0257353
1165,155,3,1.4594,2138,-0.0344888
1166,155,4,1.46065,2137,-0.0257353
1167,155,5,1.4619,2138,-0.0344888
1168,155,6,1.46316,2137,-0.0257353
1169,155,7,1.46441,2138,-0.0344888
1170,156,0,1.46566,2138,-0.0344888
1171,156,1,1.46691,2138,-0.0344888
1172,156,2,1.46816,2138,-0.0344888
1173,156,3,1.46941,2137,-0.0257353
1174,156,4,1.47066,2137,-0.0257353
1175,156,5,1.47192,2138,-0.0344888
1176,156,6,1.47317,2138,-0.0344888
1177,156,7,1.47442,2138,-0.0344888
1178,157,0,1.47567,2137,-0.0257353
1179,157,1,1.47692,2138,-0.0344888
1180,157,2,1.47817,2137,-0.0257353
1181,157,3,1.47943,2137,-0.0257353
1182,157,4,1.48068,2137,-0.0257353
1183,157,5,1.48193,2138,-0.0344888
1184,157,6,1.48318,2138,-0.0344888
1185,157,7,1.48443,2138,-0.0344888
1186,158,0,1.48568,2137,-0.0257353
1187,158,1,1.48694,2138,-0.0344888
1188,158,2,1.48819,2137,-0.0257353
1189,158,3,1.48944,2137,-0.0257353
1190,158,4,1.49069,2137,-0.0257353
1191,158,5,1.49194,2138,-0.0344888
1192,158,6,1.49319,2137,-0.0257353
1193,158,7,1.49445,2138,-0.0344888
1194,159,0,1.4957,2137,-0.0257353
1195,159,1,1.49695,2138,-0.0344888
1196,159,2,1.4982,2137,-0.0257353
1197,159,3,1.49945,2138,-0.0344888
1198,159,4,1.5007,2137,-0.0257353
1199,159,5,1.50196,2138,-0.0344888
1200,159,6,1.50321,2138,-0.0344888
1201,159,7,1.50446,2138,-0.0344888
1202,160,0,1.50571,2137,-0.0257353
1203,160,1,1.50696,2138,-0.0344888
1204,160,2,1.50821,2137,-0.0257353
1205,160,3,1.50947,2138,-0.0344888
1206,160,4,1.51072,2137,-0.0257353
1207,160,5,1.51197,2137,-0.0257353
1208,160,6,1.51322,2137,-0.0257353
1209,160,7,1.51447,2138,-0.0344888
1210,161,0,1.51572,2137,-0.0257353
1211,161,1,1.51698,2137,-0.0257353
1212,161,2,1.51823,2137,-0.0257353
1213,161,3,1.51948,2138,-0.0344888
1214,161,4,1.52073,2137,-0.0257353
1215,161,5,1.52198,2138,-0.0344888
1216,161,6,1.52323,2137,-0.0257353
1217,161,7,1.52449,2138,-0.0344888
1218,162,0,1.52574,2137,-0.0257353
1219,162,1,1.52699,2138,-0.0344888
1220,162,2,1.52824,2137,-0.0257353
1221,162,3,1.52949,2138,-0.0344888
1222,162,4,1.53074,2137,-0.0257353
1223,162,5,1.53199,2138,-0.0344888
1224,162,6,1.53325,2137,-0.0257353
1225,162,7,1.5345,2138,-0.0344888
1226,163,0,1.53575,2137,-0.0257353
1227,163,1,1.537,2138,-0.0344888
1228,163,2,1.53825,2137,-0.0257353
1229,163,3,1.5395,2138,-0.0344888
1230,163,4,1.54076,2137,-0.0257353
1231,163,5,1.54201,2138,-0.0344888
1232,163,6,1.54326,2137,-0.0257353
1233,163,7,1.54451,2138,-0.0344888
1234,164,0,1.54576,2137,-0.0257353
1235,164,1,1.54701,2138,-0.0344888
1236,164,2,1.54827,2137,-0.0257353
1237,164,3,1.54952,2138,-0.0344888
1238,164,4,1.55077,2138,-0.0344888
1239,164,5,1.55202,2138,-0.0344888
1240,164,6,1.55327,2138,-0.0344888
1241,164,7,1.55452,2138,-0.0344888
1242,165,0,1.55578,2137,-0.0257353
1243,165,1,1.55703,2138,-0.0344888
1244,165,2,1.55828,2137,-0.0257353
1245,165,3,1.55953,2138,-0.0344888
1246,165,4,1.56078,2137,-0.0257353
1247,165,5,1.56203,2138,-0.0344888
1248,165,6,1.56329,2137,-0.0257353
1249,165,7,1.56454,2138,-0.0344888
1250,166,0,1.56579,2137,-0.0257353
1251,166,1,1.56704,2138,-0.0344888
1252,166,2,1.56829,2137,-0.0257353
1253,166,3,1.56954,2137,-0.0257353
1254,166,4,1.5708,2138,-0.0344888
1255,166,5,1.57205,2138,-0.0344888
1256,166,6,1.5733,2138,-0.0344888
1257,166,7,1.57455,2138,-0.0344888
1258,167,0,1.5758,2137,-0.0257353
1259,167,1,1.57705,2138,-0.0344888
1260,167,2,1.57831,2137,-0.0257353
1261,167,3,1.57956,2138,-0.0344888
1262,167,4,1.58081,2138,-0.0344888
1263,167,5,1.58206,2138,-0.0344888
1264,168,0,1.58331,2137,-0.0257353
1265,168,1,1.58456,2138,-0.0344888
1266,168,2,1.58581,2137,-0.0257353
1267,168,3,1.58707,2138,-0.0344888
1268,168,4,1.58832,2138,-0.0344888
1269,168,5,1.58957,2138,-0.0344888
1270,169,0,1.59082,2138,-0.0344888
1271,169,1,1.59207,2138,-0.0344888
1272,169,2,1.59332,2138,-0.0344888
1273,169,3,1.59458,2138,-0.0344888
1274,169,4,1.59583,2138,-0.0344888
1275,169,5,1.59708,2138,-0.0344888
1276,169,6,1.59833,2137,-0.0257353
1277,169,7,1.59958,2138,-0.0344888
1278,170,0,1.60083,2137,-0.0257353
1279,170,1,1.60209,2138,-0.0344888
1280,170,2,1.60334,2138,-0.0344888
1281,170,3,1.60459,2138,-0.0344888
1282,170,4,1.60584,2138,-0.0344888
1283,170,5,1.60709,2138,-0.0344888
1284,170,6,1.60834,2138,-0.0344888
1285,170,7,1.6096,2138,-0.0344888
1286,171,0,1.61085,2138,-0.0344888
1287,171,1,1.6121,2138,-0.0344888
1288,171,2,1.61335,2137,-0.0257353
1289,171,3,1.6146,2138,-0.0344888
1290,171,4,1.61585,2138,-0.0344888
1291,171,5,1.61711,2138,-0.0344888
1292,171,6,1.61836,2138,-0.0344888
1293,171,7,1.61961,2138,-0.0344888
1294,172,0,1.62086,2138,-0.0344888
1295,172,1,1.62211,2138,-0.0344888
1296,172,2,1.62336,2138,-0.0344888
1297,172,3,1.62462,2138,-0.0344888
1298,172,4,1.62587,2138,-0.0344888
1299,172,5,1.62712,2138,-0.0344888
1300,172,6,1.62837,2138,-0.0344888
1301,172,7,1.62962,2138,-0.0344888
1302,173,0,1.63087,2138,-0.0344888
1303,173,1,1.63213,2138,-0.0344888
1304,173,2,1.63338,2137,-0.0257353
1305,173,3,1.63463,2138,-0.0344888
1306,173,4,1.63588,2138,-0.0344888
1307,173,5,1.63713,2138,-0.0344888
1308,173,6,1.63838,2138,-0.0344888
1309,173,7,1.63963,2138,-0.0344888
1310,174,0,1.64089,2137,-0.0257353
1311,174,1,1.64214,2138,-0.0344888
1312,174,2,1.64339,2138,-0.0344888
1313,174,3,1.64464,2138,-0.0344888
1314,174,4,1.64589,2137,-0.0257353
1315,174,5,1.64714,2138,-0.0344888
1316,174,6,1.6484,2138,-0.0344888
1317,174,7,1.64965,2138,-0.0344888
1318,175,0,1.6509,2138,-0.0344888
1319,175,1,1.65215,2138,-0.0344888
1320,175,2,1.6534,2137,-0.0257353
1321,175,3,1.65465,2138,-0.0344888
1322,175,4,1.65591,2137,-0.0257353
1323,175,5,1.65716,2138,-0.0344888
1324,175,6,1.65841,2138,-0.0344888
1325,175,7,1.65966,2138,-0.0344888
1326,176,0,1.66091,2137,-0.0257353
1327,176,1,1.66216,2138,-0.0344888
1328,176,2,1.66342,2138,-0.0344888
1329,176,3,1.66467,2138,-0.0344888
1330,176,4,1.66592,2138,-0.0344888
1331,176,5,1.66717,2138,-0.0344888
1332,176,6,1.66842,2138,-0.0344888
1333,176,7,1.66967,2138,-0.0344888
1334,177,0,1.67093,2137,-0.0257353
1335,177,1,1.67218,2138,-0.0344888
1336,177,2,1.67343,2137,-0.0257353
1337,177,3,1.67468,2138,-0.0344888
1338,177,4,1.67593,2138,-0.0344888
1339,177,5,1.67718,2138,-0.0344888
1340,177,6,1.67844,2138,-0.0344888
1341,177,7,1.67969,2138,-0.0344888
1342,178,0,1.68094,2138,-0.0344888
1343,178,1,1.68219,2138,-0.0344888
1344,178,2,1.68344,2137,-0.0257353
1345,178,3,1.68469,2138,-0.0344888
1346,178,4,1.68595,2138,-0.0344888
1347,178,5,1.6872,2138,-0.0344888
1348,178,6,1.68845,2137,-0.0257353
1349,178,7,1.6897,2138,-0.0344888
1350,179,0,1.69095,2138,-0.0344888
1351,179,1,1.6922,2138,-0.0344888
1352,179,2,1.69346,2138,-0.0344888
1353,179,3,1.69471,2138,-0.0344888
1354,179,4,1.69596,2137,-0.0257353
1355,179,5,1.69721,2138,-0.0344888
1356,179,6,1.69846,2138,-0.0344888
1357,179,7,1.69971,2138,-0.0344888
1358,180,0,1.70096,2138,-0.0344888
1359,180,1,1.70222,2138,-0.0344888
1360,180,2,1.70347,2138,-0.0344888
1361,180,3,1.70472,2137,-0.0257353
1362,180,4,1.70597,2138,-0.0344888
1363,180,5,1.70722,2138,-0.0344888
1364,180,6,1.70847,2138,-0.0344888
1365,180,7,1.70973,2138,-0.0344888
1366,181,0,1.71098,2137,-0.0257353
1367,181,1,1.71223,2138,-0.0344888
1368,181,2,1.71348,2138,-0.0344888
1369,181,3,1.71473,2139,-0.0432423
1370,181,4,1.71598,2138,-0.0344888
1371,181,5,1.71724,2138,-0.0344888
1372,181,6,1.71849,2138,-0.0344888
1373,181,7,1.71974,2138,-0.0344888
1374,182,0,1.72099,2137,-0.0257353
1375,182,1,1.72224,2138,-0.0344888
1376,182,2,1.72349,2138,-0.0344888
1377,182,3,1.72475,2138,-0.0344888
1378,182,4,1.726,2138,-0.0344888
1379,182,5,1.72725,2138,-0.0344888
1380,182,6,1.7285,2137,-0.0257353
1381,182,7,1.72975,2138,-0.0344888
1382,183,0,1.731,2137,-0.0257353
1383,183,1,1.73226,2138,-0.0344888
1384,183,2,1.73351,2137,-0.0257353
1385,183,3,1.73476,2138,-0.0344888
1386,183,4,1.73601,2138,-0.0344888
1387,183,5,1.73726,2138,-0.0344888
1388,183,6,1.73851,2137,-0.0257353
1389,183,7,1.73977,2138,-0.0344888
1390,184,0,1.74102,2138,-0.0344888
1391,184,1,1.74227,2138,-0.0344888
1392,184,2,1.74352,2137,-0.0257353
1393,184,3,1.74477,2138,-0.0344888
1394,184,4,1.74602,2138,-0.0344888
1395,184,5,1.74728,2138,-0.0344888
1396,184,6,1.74853,2137,-0.0257353
1397,184,7,1.74978,2138,-0.0344888
1398,185,0,1.75103,2137,-0.0257353
1399,185,1,1.75228,2138,-0.0344888
1400,185,2,1.75353,2138,-0.0344888
1401,185,3,1.75478,2138,-0.0344888
1402,185,4,1.75604,2137,-0.0257353
1403,185,5,1.75729,2138,-0.0344888
1404,185,6,1.75854,2137,-0.0257353
1405,185,7,1.75979,2138,-0.0344888
1406,186,0,1.76104,2138,-0.0344888
1407,186,1,1.76229,2138,-0.0344888
1408,186,2,1.76355,2137,-0.0257353
1409,186,3,1.7648,2138,-0.0344888
1410,186,4,1.76605,2137,-0.0257353
1411,186,5,1.7673,2138,-0.0344888
1412,186,6,1.76855,2138,-0.0344888
1413,186,7,1.7698,2138,-0.0344888
1414,187,0,1.77106,2138,-0.0344888
1415,187,1,1.77231,2138,-0.0344888
1416,187,2,1.77356,2137,-0.0257353
1417,187,3,1.77481,2138,-0.0344888
1418,187,4,1.77606,2138,-0.0344888
1419,187,5,1.77731,2138,-0.0344888
1420,187,6,1.77857,2138,-0.0344888
1421,187,7,1.77982,2138,-0.0344888
1422,188,0,1.78107,2137,-0.0257353
1423,188,1,1.78232,2138,-0.0344888
1424,188,2,1.78357,2138,-0.0344888
1425,188,3,1.78482,2138,-0.0344888
1426,188,4,1.78608,2138,-0.0344888
1427,188,5,1.78733,2138,-0.0344888
1428,188,6,1.78858,2137,-0.0257353
1429,188,7,1.78983,2137,-0.0257353
1430,189,0,1.79108,2137,-0.0257353
1431,189,1,1.79233,2138,-0.0344888
1432,189,2,1.79359,2138,-0.0344888
1433,189,3,1.79484,2137,-0.0257353
1434,189,4,1.79609,2138,-0.0344888
1435,189,5,1.79734,2138,-0.0344888
1436,189,6,1.79859,2137,-0.0257353
1437,189,7,1.79984,2138,-0.0344888
1438,190,0,1.8011,2137,-0.0257353
1439,190,1,1.80235,2138,-0.0344888
1440,190,2,1.8036,2138,-0.0344888
1441,190,3,1.80485,2138,-0.0344888
1442,190,4,1.8061,2138,-0.0344888
1443,190,5,1.80735,2137,-0.0257353
1444,190,6,1.8086,2138,-0.0344888
1445,190,7,1.80986,2138,-0.0344888
1446,191,0,1.81111,2138,-0.0344888
1447,191,1,1.81236,2138,-0.0344888
1448,191,2,1.81361,2138,-0.0344888
1449,191,3,1.81486,2138,-0.0344888
1450,191,4,1.81611,2138,-0.0344888
1451,191,5,1.81737,2138,-0.0344888
1452,191,6,1.81862,2137,-0.0257353
1453,191,7,1.81987,2138,-0.0344888
1454,192,0,1.82112,2137,-0.0257353
1455,192,1,1.82237,2138,-0.0344888
1456,192,2,1.82362,2138,-0.0344888
1457,192,3,1.82488,2138,-0.0344888
1458,192,4,1.82613,2138,-0.0344888
1459,192,5,1.82738,2138,-0.0344888
1460,192,6,1.82863,2138,-0.0344888
1461,192,7,1.82988,2138,-0.0344888
1462,193,0,1.83113,2137,-0.0257353
1463,193,1,1.83239,2138,-0.0344888
1464,193,2,1.83364,2137,-0.0257353
1465,193,3,1.83489,2138,-0.0344888
1466,193,4,1.83614,2137,-0.0257353
1467,193,5,1.83739,2137,-0.0257353
1468,193,6,1.83864,2137,-0.0257353
1469,193,7,1.8399,2138,-0.0344888
1470,194,0,1.84115,2138,-0.0344888
1471,194,1,1.8424,2138,-0.0344888
1472,194,2,1.84365,2138,-0.0344888
1473,194,3,1.8449,2138,-0.0344888
1474,194,4,1.84615,2137,-0.0257353
1475,194,5,1.84741,2138,-0.0344888
1476,194,6,1.84866,2137,-0.0257353
1477,194,7,1.84991,2138,-0.0344888
1478,195,0,1.85116,2137,-0.0257353
1479,195,1,1.85241,2138,-0.0344888
1480,195,2,1.85366,2138,-0.0344888
1481,195,3,1.85492,2138,-0.0344888
1482,195,4,1.85617,2138,-0.0344888
1483,195,5,1.85742,2138,-0.0344888
1484,195,6,1.85867,2138,-0.0344888
1485,195,7,1.85992,2138,-0.0344888
1486,196,0,1.86117,2137,-0.0257353
1487,196,1,1.86243,2138,-0.0344888
1488,196,2,1.86368,2137,-0.0257353
1489,196,3,1.86493,2137,-0.0257353
1490,196,4,1.86618,2137,-0.0257353
1491,196,5,1.86743,2137,-0.0257353
1492,196,6,1.86868,2137,-0.0257353
1493,196,7,1.86993,2137,-0.0257353
1494,196,8,1.87119,2136,-0.0169818
1495,196,9,1.87244,2137,-0.0257353
1496,197,0,1.87369,2136,-0.0169818
1497,197,1,1.87494,2137,-0.0257353
1498,197,2,1.87619,2137,-0.0257353
1499,197,3,1.87744,2136,-0.0169818
1500,197,4,1.8787,2136,-0.0169818
1501,197,5,1.87995,2136,-0.0169818
1502,198,0,1.8812,2135,-0.00822831
1503,198,1,1.88245,2135,-0.00822831
1504,198,2,1.8837,2134,0.000525189
1505,198,3,1.88495,2135,-0.00822831
1506,198,4,1.88621,2135,-0.00822831
1507,198,5,1.88746,2136,-0.0169818
1508,198,6,1.88871,2135,-0.00822831
1509,198,7,1.88996,2135,-0.00822831
1510,199,0,1.89121,2135,-0.00822831
1511,199,1,1.89246,2135,-0.00822831
1512,199,2,1.89372,2135,-0.00822831
1513,199,3,1.89497,2136,-0.0169818
1514,199,4,1.89622,2135,-0.00822831
1515,199,5,1.89747,2135,-0.00822831
1516,199,6,1.89872,2134,0.000525189
1517,199,7,1.89997,2135,-0.00822831
1518,200,0,1.90123,2134,0.000525189
1519,200,1,1.90248,2135,-0.00822831
1520,200,2,1.90373,2134,0.000525189
1521,200,3,1.90498,2135,-0.00822831
1522,200,4,1.90623,2134,0.000525189
1523,200,5,1.90748,2135,-0.00822831
1524,200,6,1.90874,2135,-0.00822831
1525,200,7,1.90999,2135,-0.00822831
1526,201,0,1.91124,2135,-0.00822831
1527,201,1,1.91249,2134,0.000525189
1528,201,2,1.91374,2134,0.000525189
1529,201,3,1.91499,2136,-0.0169818
1530,201,4,1.91625,2134,0.000525189
1531,201,5,1.9175,2135,-0.00822831
1532,201,6,1.91875,2135,-0.00822831
1533,201,7,1.92,2135,-0.00822831
