index, frame, sample, time, raw[0], cal[0], raw[1], cal[1], raw[2], cal[2]
0,15,0,0.00128617,-113,-0.128442,-38,-0.0451043,91,0.115031
1,15,1,0.00257235,-109,-0.123534,-38,-0.0451043,104,0.130982
2,15,2,0.00385852,-112,-0.127215,-43,-0.0512393,99,0.124847
3,15,3,0.00514469,-110,-0.124761,-52,-0.0622822,88,0.11135
4,15,4,0.00643087,-107,-0.12108,-46,-0.0549202,91,0.115031
5,15,5,0.00771704,-107,-0.12108,-38,-0.0451043,97,0.122393
6,15,6,0.00900322,-115,-0.130896,-42,-0.0500123,91,0.115031
7,15,7,0.0102894,-121,-0.138258,-45,-0.0536932,86,0.108896
8,15,8,0.0115756,-109,-0.123534,-41,-0.0487853,94,0.118712
9,15,9,0.0128617,-101,-0.113718,-42,-0.0500123,104,0.130982
10,15,10,0.0141479,-110,-0.124761,-51,-0.0610552,93,0.117485
11,15,11,0.0154341,-112,-0.127215,-50,-0.0598282,88,0.11135
12,15,12,0.0167203,-109,-0.123534,-31,-0.0365153,104,0.130982
13,15,13,0.0180064,-112,-0.127215,-43,-0.0512393,92,0.116258
14,15,14,0.0192926,-117,-0.13335,-53,-0.0635092,87,0.110123
15,15,15,0.0205788,-109,-0.123534,-47,-0.0561472,101,0.127301
16,16,0,0.021865,-113,-0.128442,-38,-0.0451043,91,0.115031
17,16,1,0.0231511,-109,-0.123534,-38,-0.0451043,104,0.130982
18,16,2,0.0244373,-112,-0.127215,-43,-0.0512393,99,0.124847
19,16,3,0.0257235,-110,-0.124761,-52,-0.0622822,88,0.11135
20,16,4,0.0270096,-107,-0.12108,-46,-0.0549202,91,0.115031
21,16,5,0.0282958,-107,-0.12108,-38,-0.0451043,97,0.122393
22,16,6,0.029582,-115,-0.130896,-42,-0.0500123,91,0.115031
23,16,7,0.0308682,-121,-0.138258,-45,-0.0536932,86,0.108896
24,16,8,0.0321543,-109,-0.123534,-41,-0.0487853,94,0.118712
25,16,9,0.0334405,-101,-0.113718,-42,-0.0500123,104,0.130982
26,16,10,0.0347267,-110,-0.124761,-51,-0.0610552,93,0.117485
27,16,11,0.0360129,-112,-0.127215,-50,-0.0598282,88,0.11135
28,16,12,0.037299,-109,-0.123534,-31,-0.0365153,104,0.130982
29,16,13,0.0385852,-112,-0.127215,-43,-0.0512393,92,0.116258
30,16,14,0.0398714,-117,-0.13335,-53,-0.0635092,87,0.110123
31,16,15,0.0411576,-109,-0.123534,-47,-0.0561472,101,0.127301
32,17,0,0.0424437,-11,-0.00328834,-53,-0.0635092,-19,-0.0199386
33,17,1,0.0437299,-11,-0.00328834,-54,-0.0647362,-20,-0.0211656
34,17,2,0.0450161,-6,0.00284663,-57,-0.0684172,-26,-0.0285276
35,17,3,0.0463023,-6,0.00284663,-61,-0.0733251,-14,-0.0138037
36,18,0,0.0475884,-10,-0.00206135,-61,-0.0733251,-4,-0.00153374
37,18,1,0.0488746,-12,-0.00451534,-62,-0.0745521,-5,-0.00276074
38,18,2,0.0501608,-7,0.00161963,-57,-0.0684172,7,0.0119632
39,18,3,0.0514469,-3,0.00652761,-55,-0.0659632,6,0.0107362
40,18,4,0.0527331,-8,0.000392638,-54,-0.0647362,2,0.00582822
41,18,5,0.0540193,-6,0.00284663,-53,-0.0635092,6,0.0107362
42,18,6,0.0553055,-5,0.00407362,-50,-0.0598282,5,0.0095092
43,18,7,0.0565916,-3,0.00652761,-48,-0.0573742,5,0.0095092
44,19,0,0.0578778,-3,0.00652761,-53,-0.0635092,2,0.00582822
45,19,1,0.059164,-11,-0.00328834,-54,-0.0647362,5,0.0095092
46,19,2,0.0604502,-8,0.000392638,-54,-0.0647362,7,0.0119632
47,19,3,0.0617363,-7,0.00161963,-55,-0.0659632,5,0.0095092
48,19,4,0.0630225,-6,0.00284663,-55,-0.0659632,3,0.00705521
49,19,5,0.0643087,-13,-0.00574233,-47,-0.0561472,2,0.00582822
50,19,6,0.0655949,-18,-0.0118773,-47,-0.0561472,-3,-0.000306748
51,19,7,0.066881,-11,-0.00328834,-45,-0.0536932,4,0.00828221
52,20,0,0.0681672,-10,-0.00206135,-40,-0.0475583,0,0.00337423
53,20,1,0.0694534,-7,0.00161963,-47,-0.0561472,-1,0.00214724
54,20,2,0.0707395,-13,-0.00574233,-44,-0.0524663,2,0.00582822
55,20,3,0.0720257,-9,-0.000834356,-41,-0.0487853,5,0.0095092
56,20,4,0.0733119,-6,0.00284663,-43,-0.0512393,5,0.0095092
57,20,5,0.0745981,-7,0.00161963,-38,-0.0451043,1,0.00460123
58,20,6,0.0758842,-6,0.00284663,-30,-0.0352883,1,0.00460123
59,21,0,0.0771704,-9,-0.000834356,-33,-0.0389693,-4,-0.00153374
60,21,1,0.0784566,-11,-0.00328834,-37,-0.0438773,-1,0.00214724
61,21,2,0.0797428,-4,0.00530061,-40,-0.0475583,-8,-0.00644172
62,21,3,0.0810289,0,0.0102086,-46,-0.0549202,-2,0.000920245
63,21,4,0.0823151,-5,0.00407362,-47,-0.0561472,1,0.00460123
64,21,5,0.0836013,-9,-0.000834356,-37,-0.0438773,-7,-0.00521472
65,21,6,0.0848875,-6,0.00284663,-39,-0.0463313,-1,0.00214724
66,21,7,0.0861736,-1,0.00898159,-44,-0.0524663,0,0.00337423
67,22,0,0.0874598,1,0.0114356,-38,-0.0451043,0,0.00337423
68,22,1,0.088746,0,0.0102086,-37,-0.0438773,6,0.0107362
69,22,2,0.0900322,-2,0.0077546,-30,-0.0352883,2,0.00582822
70,22,3,0.0913183,-7,0.00161963,-23,-0.0266994,0,0.00337423
71,22,4,0.0926045,-6,0.00284663,-24,-0.0279264,-2,0.000920245
72,22,5,0.0938907,-3,0.00652761,-33,-0.0389693,-6,-0.00398773
73,22,6,0.0951768,1,0.0114356,-31,-0.0365153,-7,-0.00521472
74,22,7,0.096463,0,0.0102086,-31,-0.0365153,-9,-0.00766871
75,23,0,0.0977492,-5,0.00407362,-30,-0.0352883,-1,0.00214724
76,23,1,0.0990354,-5,0.00407362,-39,-0.0463313,1,0.00460123
77,23,2,0.100322,-5,0.00407362,-40,-0.0475583,1,0.00460123
78,23,3,0.101608,-9,-0.000834356,-35,-0.0414233,10,0.0156442
79,23,4,0.102894,-10,-0.00206135,-27,-0.0316074,5,0.0095092
80,23,5,0.10418,-11,-0.00328834,-23,-0.0266994,5,0.0095092
81,23,6,0.105466,-16,-0.00942331,-23,-0.0266994,5,0.0095092
82,24,0,0.106752,-14,-0.00696933,-31,-0.0365153,7,0.0119632
83,24,1,0.108039,-3,0.00652761,-27,-0.0316074,9,0.0144172
84,24,2,0.109325,-8,0.000392638,-27,-0.0316074,8,0.0131902
85,24,3,0.110611,-8,0.000392638,-25,-0.0291534,5,0.0095092
86,24,4,0.111897,-13,-0.00574233,-33,-0.0389693,4,0.00828221
87,24,5,0.113183,-8,0.000392638,-26,-0.0303804,-2,0.000920245
88,24,6,0.114469,-8,0.000392638,-19,-0.0217914,-2,0.000920245
89,24,7,0.115756,-13,-0.00574233,-23,-0.0266994,-8,-0.00644172
90,24,8,0.117042,-14,-0.00696933,-25,-0.0291534,0,0.00337423
91,24,9,0.118328,-16,-0.00942331,-26,-0.0303804,3,0.00705521
92,25,0,0.119614,-11,-0.00328834,-25,-0.0291534,0,0.00337423
93,25,1,0.1209,-9,-0.000834356,-21,-0.0242454,6,0.0107362
94,25,2,0.122186,-11,-0.00328834,-22,-0.0254724,2,0.00582822
95,25,3,0.123473,1,0.0114356,-21,-0.0242454,-4,-0.00153374
96,25,4,0.124759,-5,0.00407362,-27,-0.0316074,0,0.00337423
97,25,5,0.126045,-6,0.00284663,-28,-0.0328344,3,0.00705521
98,26,0,0.127331,-7,0.00161963,-26,-0.0303804,2,0.00582822
99,26,1,0.128617,-13,-0.00574233,-21,-0.0242454,3,0.00705521
100,26,2,0.129904,-10,-0.00206135,-17,-0.0193374,8,0.0131902
101,26,3,0.13119,-8,0.000392638,-20,-0.0230184,7,0.0119632
102,26,4,0.132476,-4,0.00530061,-27,-0.0316074,5,0.0095092
103,26,5,0.133762,-7,0.00161963,-32,-0.0377423,4,0.00828221
104,26,6,0.135048,-10,-0.00206135,-29,-0.0340613,-2,0.000920245
105,27,0,0.136334,-7,0.00161963,-28,-0.0328344,2,0.00582822
106,27,1,0.137621,-10,-0.00206135,-32,-0.0377423,5,0.0095092
107,27,2,0.138907,-3,0.00652761,-30,-0.0352883,3,0.00705521
108,27,3,0.140193,-1,0.00898159,-29,-0.0340613,6,0.0107362
109,27,4,0.141479,0,0.0102086,-29,-0.0340613,-3,-0.000306748
110,27,5,0.142765,-5,0.00407362,-24,-0.0279264,4,0.00828221
111,27,6,0.144051,-6,0.00284663,-22,-0.0254724,4,0.00828221
112,27,7,0.145338,-8,0.000392638,-30,-0.0352883,-3,-0.000306748
113,28,0,0.146624,-7,0.00161963,-26,-0.0303804,-6,-0.00398773
114,28,1,0.14791,-14,-0.00696933,-23,-0.0266994,-3,-0.000306748
115,28,2,0.149196,-18,-0.0118773,-23,-0.0266994,5,0.0095092
116,28,3,0.150482,-17,-0.0106503,-25,-0.0291534,7,0.0119632
117,28,4,0.151768,-10,-0.00206135,-25,-0.0291534,7,0.0119632
118,28,5,0.153055,-6,0.00284663,-27,-0.0316074,5,0.0095092
119,28,6,0.154341,-4,0.00530061,-25,-0.0291534,4,0.00828221
120,28,7,0.155627,-12,-0.00451534,-24,-0.0279264,1,0.00460123
121,29,0,0.156913,-12,-0.00451534,-25,-0.0291534,0,0.00337423
122,29,1,0.158199,-11,-0.00328834,-24,-0.0279264,-6,-0.00398773
123,29,2,0.159486,-12,-0.00451534,-18,-0.0205644,-1,0.00214724
124,29,3,0.160772,-7,0.00161963,-22,-0.0254724,0,0.00337423
125,29,4,0.162058,-10,-0.00206135,-12,-0.0132025,4,0.00828221
126,29,5,0.163344,-14,-0.00696933,-8,-0.00829448,3,0.00705521
127,29,6,0.16463,-12,-0.00451534,-7,-0.00706748,3,0.00705521
128,29,7,0.165916,-11,-0.00328834,-2,-0.000932515,-2,0.000920245
129,30,0,0.167203,-13,-0.00574233,-4,-0.0033865,-5,-0.00276074
130,30,1,0.168489,-7,0.00161963,-7,-0.00706748,-5,-0.00276074
131,30,2,0.169775,3,0.0138896,-10,-0.0107485,-1,0.00214724
132,30,3,0.171061,4,0.0151166,-5,-0.0046135,-8,-0.00644172
133,30,4,0.172347,-2,0.0077546,-3,-0.00215951,-9,-0.00766871
134,30,5,0.173633,-8,0.000392638,-4,-0.0033865,-2,0.000920245
135,30,6,0.17492,-12,-0.00451534,3,0.00520245,1,0.00460123
136,31,0,0.176206,-11,-0.00328834,3,0.00520245,-2,0.000920245
137,31,1,0.177492,-7,0.00161963,6,0.00888344,-6,-0.00398773
138,31,2,0.178778,-9,-0.000834356,6,0.00888344,-5,-0.00276074
139,31,3,0.180064,-11,-0.00328834,8,0.0113374,-7,-0.00521472
140,31,4,0.18135,-7,0.00161963,12,0.0162454,-9,-0.00766871
141,31,5,0.182637,3,0.0138896,16,0.0211534,-9,-0.00766871
142,31,6,0.183923,8,0.0200245,10,0.0137914,-6,-0.00398773
143,31,7,0.185209,15,0.0286135,18,0.0236074,-1,0.00214724
144,32,0,0.186495,13,0.0261595,19,0.0248344,4,0.00828221
145,32,1,0.187781,9,0.0212515,21,0.0272883,5,0.0095092
146,32,2,0.189068,4,0.0151166,21,0.0272883,10,0.0156442
147,32,3,0.190354,-2,0.0077546,20,0.0260614,4,0.00828221
148,32,4,0.19164,-4,0.00530061,24,0.0309693,5,0.0095092
149,32,5,0.192926,-5,0.00407362,25,0.0321963,7,0.0119632
150,32,6,0.194212,-2,0.0077546,24,0.0309693,8,0.0131902
151,32,7,0.195498,-6,0.00284663,30,0.0383313,7,0.0119632
152,33,0,0.196785,-3,0.00652761,39,0.0493742,4,0.00828221
153,33,1,0.198071,0,0.0102086,41,0.0518282,-4,-0.00153374
154,33,2,0.199357,0,0.0102086,39,0.0493742,-9,-0.00766871
155,33,3,0.200643,0,0.0102086,39,0.0493742,-4,-0.00153374
156,33,4,0.201929,1,0.0114356,42,0.0530552,-3,-0.000306748
157,33,5,0.203215,-5,0.00407362,46,0.0579632,-7,-0.00521472
158,33,6,0.204502,-2,0.0077546,54,0.0677791,-4,-0.00153374
159,34,0,0.205788,5,0.0163436,53,0.0665521,-4,-0.00153374
160,34,1,0.207074,1,0.0114356,57,0.0714601,-7,-0.00521472
161,34,2,0.20836,-5,0.00407362,59,0.0739141,-7,-0.00521472
162,34,3,0.209646,-5,0.00407362,59,0.0739141,-4,-0.00153374
163,34,4,0.210932,-1,0.00898159,66,0.0825031,-1,0.00214724
164,34,5,0.212219,-2,0.0077546,66,0.0825031,-6,-0.00398773
165,34,6,0.213505,-6,0.00284663,71,0.088638,-6,-0.00398773
166,34,7,0.214791,-8,0.000392638,72,0.089865,-6,-0.00398773
167,35,0,0.216077,-4,0.00530061,66,0.0825031,-6,-0.00398773
168,35,1,0.217363,3,0.0138896,74,0.092319,-6,-0.00398773
169,35,2,0.21865,-5,0.00407362,73,0.091092,-11,-0.0101227
170,35,3,0.219936,-6,0.00284663,79,0.098454,-11,-0.0101227
171,35,4,0.221222,-8,0.000392638,86,0.107043,-5,-0.00276074
172,35,5,0.222508,-7,0.00161963,90,0.111951,0,0.00337423
173,35,6,0.223794,-7,0.00161963,89,0.110724,-5,-0.00276074
174,35,7,0.22508,-8,0.000392638,91,0.113178,-7,-0.00521472
175,36,0,0.226367,-11,-0.00328834,91,0.113178,-1,0.00214724
176,36,1,0.227653,-8,0.000392638,100,0.124221,-8,-0.00644172
177,36,2,0.228939,-3,0.00652761,102,0.126675,-5,-0.00276074
178,36,3,0.230225,5,0.0163436,108,0.134037,-9,-0.00766871
179,36,4,0.231511,-2,0.0077546,106,0.131583,-10,-0.00889571
180,36,5,0.232797,-6,0.00284663,105,0.130356,-6,-0.00398773
181,36,6,0.234084,-5,0.00407362,106,0.131583,1,0.00460123
182,37,0,0.23537,-1,0.00898159,104,0.129129,-2,0.000920245
183,37,1,0.236656,0,0.0102086,106,0.131583,5,0.0095092
184,37,2,0.237942,-1,0.00898159,113,0.140172,0,0.00337423
185,37,3,0.239228,-8,0.000392638,114,0.141399,-7,-0.00521472
186,37,4,0.240514,-14,-0.00696933,112,0.138945,-7,-0.00521472
187,37,5,0.241801,-16,-0.00942331,115,0.142626,-5,-0.00276074
188,37,6,0.243087,-12,-0.00451534,115,0.142626,-4,-0.00153374
189,37,7,0.244373,-9,-0.000834356,113,0.140172,-7,-0.00521472
190,38,0,0.245659,-9,-0.000834356,115,0.142626,-11,-0.0101227
191,38,1,0.246945,-11,-0.00328834,113,0.140172,-9,-0.00766871
192,38,2,0.248232,-9,-0.000834356,110,0.136491,-12,-0.0113497
193,38,3,0.249518,-5,0.00407362,112,0.138945,-7,-0.00521472
194,38,4,0.250804,-8,0.000392638,119,0.147534,-10,-0.00889571
195,38,5,0.25209,-5,0.00407362,120,0.148761,-4,-0.00153374
196,38,6,0.253376,-10,-0.00206135,121,0.149988,-9,-0.00766871
197,38,7,0.254662,-8,0.000392638,123,0.152442,-11,-0.0101227
198,39,0,0.255949,-10,-0.00206135,121,0.149988,-9,-0.00766871
199,39,1,0.257235,-5,0.00407362,123,0.152442,-11,-0.0101227
200,39,2,0.258521,-7,0.00161963,125,0.154896,0,0.00337423
201,39,3,0.259807,-2,0.0077546,120,0.148761,0,0.00337423
202,39,4,0.261093,-4,0.00530061,121,0.149988,-10,-0.00889571
203,39,5,0.262379,-5,0.00407362,120,0.148761,-7,-0.00521472
204,39,6,0.263666,-4,0.00530061,117,0.14508,-6,-0.00398773
205,39,7,0.264952,-3,0.00652761,121,0.149988,-7,-0.00521472
206,40,0,0.266238,-7,0.00161963,121,0.149988,1,0.00460123
207,40,1,0.267524,-6,0.00284663,122,0.151215,5,0.0095092
208,40,2,0.26881,-5,0.00407362,131,0.162258,2,0.00582822
209,40,3,0.270096,-8,0.000392638,136,0.168393,1,0.00460123
210,40,4,0.271383,-5,0.00407362,134,0.165939,-5,-0.00276074
211,40,5,0.272669,-15,-0.00819632,129,0.159804,-9,-0.00766871
212,40,6,0.273955,-6,0.00284663,133,0.164712,0,0.00337423
213,41,0,0.275241,-3,0.00652761,137,0.16962,5,0.0095092
214,41,1,0.276527,-3,0.00652761,144,0.178209,2,0.00582822
215,41,2,0.277814,-6,0.00284663,151,0.186798,0,0.00337423
216,41,3,0.2791,0,0.0102086,151,0.186798,-4,-0.00153374
217,41,4,0.280386,-2,0.0077546,152,0.188025,-2,0.000920245
218,41,5,0.281672,-3,0.00652761,152,0.188025,-5,-0.00276074
219,41,6,0.282958,-3,0.00652761,158,0.195386,-8,-0.00644172
220,41,7,0.284244,-7,0.00161963,160,0.19784,-5,-0.00276074
221,42,0,0.285531,-9,-0.000834356,163,0.201521,3,0.00705521
222,42,1,0.286817,-5,0.00407362,157,0.19416,-4,-0.00153374
223,42,2,0.288103,-5,0.00407362,157,0.19416,4,0.00828221
224,42,3,0.289389,-8,0.000392638,161,0.199067,4,0.00828221
225,42,4,0.290675,-8,0.000392638,164,0.202748,8,0.0131902
226,42,5,0.291961,-12,-0.00451534,159,0.196613,5,0.0095092
227,42,6,0.293248,-14,-0.00696933,159,0.196613,-1,0.00214724
228,42,7,0.294534,-7,0.00161963,168,0.207656,3,0.00705521
229,43,0,0.29582,-11,-0.00328834,171,0.211337,3,0.00705521
230,43,1,0.297106,-9,-0.000834356,170,0.21011,3,0.00705521
231,43,2,0.298392,-4,0.00530061,169,0.208883,-3,-0.000306748
232,43,3,0.299678,-2,0.0077546,166,0.205202,-4,-0.00153374
233,43,4,0.300965,-6,0.00284663,169,0.208883,1,0.00460123
234,43,5,0.302251,-8,0.000392638,168,0.207656,-6,-0.00398773
235,43,6,0.303537,-7,0.00161963,169,0.208883,-10,-0.00889571
236,44,0,0.304823,-4,0.00530061,169,0.208883,-2,0.000920245
237,44,1,0.306109,-4,0.00530061,173,0.213791,-8,-0.00644172
238,44,2,0.307395,-5,0.00407362,175,0.216245,-5,-0.00276074
239,44,3,0.308682,-4,0.00530061,174,0.215018,1,0.00460123
240,44,4,0.309968,-4,0.00530061,174,0.215018,5,0.0095092
241,44,5,0.311254,-8,0.000392638,178,0.219926,2,0.00582822
242,44,6,0.31254,-7,0.00161963,173,0.213791,-6,-0.00398773
243,44,7,0.313826,-7,0.00161963,177,0.218699,5,0.0095092
244,45,0,0.315113,-8,0.000392638,177,0.218699,-2,0.000920245
245,45,1,0.316399,-8,0.000392638,171,0.211337,4,0.00828221
246,45,2,0.317685,-9,-0.000834356,169,0.208883,7,0.0119632
247,45,3,0.318971,-12,-0.00451534,172,0.212564,3,0.00705521
248,45,4,0.320257,-6,0.00284663,168,0.207656,0,0.00337423
249,45,5,0.321543,-3,0.00652761,169,0.208883,-4,-0.00153374
250,45,6,0.32283,-8,0.000392638,170,0.21011,-3,-0.000306748
251,45,7,0.324116,-9,-0.000834356,166,0.205202,0,0.00337423
252,45,8,0.325402,-13,-0.00574233,167,0.206429,-6,-0.00398773
253,45,9,0.326688,-13,-0.00574233,167,0.206429,-3,-0.000306748
254,46,0,0.327974,-13,-0.00574233,158,0.195386,-4,-0.00153374
255,46,1,0.32926,-9,-0.000834356,157,0.19416,0,0.00337423
256,46,2,0.330547,-10,-0.00206135,156,0.192933,-1,0.00214724
257,46,3,0.331833,-7,0.00161963,156,0.192933,-6,-0.00398773
258,46,4,0.333119,-7,0.00161963,156,0.192933,-9,-0.00766871
259,47,0,0.334405,-8,0.000392638,152,0.188025,-10,-0.00889571
260,47,1,0.335691,-1,0.00898159,148,0.183117,-8,-0.00644172
261,47,2,0.336977,-8,0.000392638,150,0.185571,-6,-0.00398773
262,47,3,0.338264,-9,-0.000834356,148,0.183117,-4,-0.00153374
263,47,4,0.33955,-14,-0.00696933,141,0.174528,-1,0.00214724
264,47,5,0.340836,-18,-0.0118773,140,0.173301,3,0.00705521
265,47,6,0.342122,-16,-0.00942331,141,0.174528,4,0.00828221
266,47,7,0.343408,-8,0.000392638,137,0.16962,0,0.00337423
267,48,0,0.344695,-6,0.00284663,130,0.161031,3,0.00705521
268,48,1,0.345981,-7,0.00161963,121,0.149988,6,0.0107362
269,48,2,0.347267,-5,0.00407362,118,0.146307,4,0.00828221
270,48,3,0.348553,-5,0.00407362,109,0.135264,3,0.00705521
271,48,4,0.349839,-8,0.000392638,107,0.13281,4,0.00828221
272,48,5,0.351125,-6,0.00284663,105,0.130356,2,0.00582822
273,48,6,0.352412,-4,0.00530061,104,0.129129,8,0.0131902
274,48,7,0.353698,-12,-0.00451534,104,0.129129,9,0.0144172
275,49,0,0.354984,-15,-0.00819632,96,0.119313,8,0.0131902
276,49,1,0.35627,-12,-0.00451534,78,0.097227,6,0.0107362
277,49,2,0.357556,-17,-0.0106503,72,0.089865,0,0.00337423
278,49,3,0.358842,-11,-0.00328834,67,0.0837301,0,0.00337423
279,49,4,0.360129,-9,-0.000834356,54,0.0677791,-3,-0.000306748
280,49,5,0.361415,-8,0.000392638,54,0.0677791,1,0.00460123
281,49,6,0.362701,-11,-0.00328834,47,0.0591902,-3,-0.000306748
282,50,0,0.363987,-10,-0.00206135,45,0.0567362,-1,0.00214724
283,50,1,0.365273,-7,0.00161963,44,0.0555092,3,0.00705521
284,50,2,0.366559,-6,0.00284663,40,0.0506012,1,0.00460123
285,50,3,0.367846,0,0.0102086,35,0.0444663,2,0.00582822
286,50,4,0.369132,-3,0.00652761,26,0.0334233,0,0.00337423
287,50,5,0.370418,-5,0.00407362,25,0.0321963,2,0.00582822
288,50,6,0.371704,-5,0.00407362,14,0.0186994,7,0.0119632
289,50,7,0.37299,-4,0.00530061,11,0.0150184,11,0.0168712
290,51,0,0.374277,-1,0.00898159,-9,-0.00952147,21,0.0291411
291,51,1,0.375563,-7,0.00161963,-8,-0.00829448,20,0.0279141
292,51,2,0.376849,-9,-0.000834356,-15,-0.0168834,20,0.0279141
293,51,3,0.378135,-4,0.00530061,-19,-0.0217914,30,0.0401841
294,51,4,0.379421,2,0.0126626,-13,-0.0144294,33,0.043865
295,51,5,0.380707,4,0.0151166,-18,-0.0205644,27,0.0365031
296,51,6,0.381994,0,0.0102086,-22,-0.0254724,31,0.041411
297,51,7,0.38328,-3,0.00652761,-24,-0.0279264,40,0.052454
298,52,0,0.384566,-1,0.00898159,-9,-0.00952147,21,0.0291411
299,52,1,0.385852,-7,0.00161963,-8,-0.00829448,20,0.0279141
300,52,2,0.387138,-9,-0.000834356,-15,-0.0168834,20,0.0279141
301,52,3,0.388424,-4,0.00530061,-19,-0.0217914,30,0.0401841
302,52,4,0.389711,2,0.0126626,-13,-0.0144294,33,0.043865
303,52,5,0.390997,4,0.0151166,-18,-0.0205644,27,0.0365031
304,52,6,0.392283,0,0.0102086,-22,-0.0254724,31,0.041411
305,52,7,0.393569,-3,0.00652761,-24,-0.0279264,40,0.052454
306,53,0,0.394855,-10,-0.00206135,-24,-0.0279264,46,0.059816
307,53,1,0.396141,-10,-0.00206135,-21,-0.0242454,43,0.056135
308,53,2,0.397428,-7,0.00161963,-29,-0.0340613,41,0.053681
309,53,3,0.398714,-9,-0.000834356,-32,-0.0377423,40,0.052454
310,53,4,0.4,-8,0.000392638,-27,-0.0316074,47,0.0610429
311,53,5,0.401286,-6,0.00284663,-26,-0.0303804,44,0.057362
312,53,6,0.402572,0,0.0102086,-39,-0.0463313,45,0.058589
313,54,0,0.403859,1,0.0114356,-48,-0.0573742,47,0.0610429
314,54,1,0.405145,-2,0.0077546,-45,-0.0536932,48,0.0622699
315,54,2,0.406431,1,0.0114356,-50,-0.0598282,54,0.0696319
316,54,3,0.407717,0,0.0102086,-53,-0.0635092,64,0.0819018
317,54,4,0.409003,-1,0.00898159,-47,-0.0561472,62,0.0794479
318,54,5,0.410289,-8,0.000392638,-47,-0.0561472,64,0.0819018
319,54,6,0.411576,-7,0.00161963,-52,-0.0622822,68,0.0868098
320,54,7,0.412862,1,0.0114356,-57,-0.0684172,72,0.0917178
321,55,0,0.414148,-6,0.00284663,-60,-0.0720982,75,0.0953988
322,55,1,0.415434,-4,0.00530061,-59,-0.0708712,78,0.0990798
323,55,2,0.41672,-10,-0.00206135,-62,-0.0745521,81,0.102761
324,55,3,0.418006,-12,-0.00451534,-69,-0.0831411,82,0.103988
325,55,4,0.419293,-10,-0.00206135,-74,-0.0892761,85,0.107669
326,55,5,0.420579,-10,-0.00206135,-77,-0.0929571,83,0.105215
327,55,6,0.421865,-5,0.00407362,-83,-0.100319,76,0.0966258
328,55,7,0.423151,-9,-0.000834356,-89,-0.107681,85,0.107669
329,56,0,0.424437,-14,-0.00696933,-87,-0.105227,85,0.107669
330,56,1,0.425723,-15,-0.00819632,-89,-0.107681,89,0.112577
331,56,2,0.42701,-17,-0.0106503,-93,-0.112589,98,0.12362
332,56,3,0.428296,-8,0.000392638,-93,-0.112589,93,0.117485
333,56,4,0.429582,-7,0.00161963,-100,-0.121178,92,0.116258
334,56,5,0.430868,-14,-0.00696933,-99,-0.119951,84,0.106442
335,56,6,0.432154,-8,0.000392638,-102,-0.123632,86,0.108896
336,57,0,0.433441,-4,0.00530061,-107,-0.129767,87,0.110123
337,57,1,0.434727,-3,0.00652761,-113,-0.137129,95,0.119939
338,57,2,0.436013,0,0.0102086,-113,-0.137129,94,0.118712
339,57,3,0.437299,-4,0.00530061,-117,-0.142037,91,0.115031
340,57,4,0.438585,-9,-0.000834356,-117,-0.142037,91,0.115031
341,57,5,0.439871,-3,0.00652761,-118,-0.143264,99,0.124847
342,57,6,0.441158,0,0.0102086,-125,-0.151853,101,0.127301
343,57,7,0.442444,1,0.0114356,-126,-0.15308,101,0.127301
344,58,0,0.44373,-6,0.00284663,-128,-0.155534,104,0.130982
345,58,1,0.445016,-6,0.00284663,-130,-0.157988,106,0.133436
346,58,2,0.446302,-9,-0.000834356,-129,-0.156761,106,0.133436
347,58,3,0.447588,-7,0.00161963,-132,-0.160442,108,0.13589
348,58,4,0.448875,-6,0.00284663,-141,-0.171485,108,0.13589
349,58,5,0.450161,-7,0.00161963,-146,-0.17762,109,0.137117
350,58,6,0.451447,-11,-0.00328834,-142,-0.172712,117,0.146933
351,58,7,0.452733,-9,-0.000834356,-145,-0.176393,117,0.146933
352,59,0,0.454019,-11,-0.00328834,-148,-0.180074,113,0.142025
353,59,1,0.455305,-12,-0.00451534,-157,-0.191117,118,0.14816
354,59,2,0.456592,-13,-0.00574233,-159,-0.193571,119,0.149387
355,59,3,0.457878,-10,-0.00206135,-162,-0.197252,123,0.154294
356,59,4,0.459164,-7,0.00161963,-160,-0.194798,123,0.154294
357,59,5,0.46045,-1,0.00898159,-164,-0.199706,122,0.153067
358,59,6,0.461736,-2,0.0077546,-161,-0.196025,123,0.154294
359,60,0,0.463023,-5,0.00407362,-157,-0.191117,125,0.156748
360,60,1,0.464309,3,0.0138896,-155,-0.188663,127,0.159202
361,60,2,0.465595,-4,0.00530061,-151,-0.183755,128,0.160429
362,60,3,0.466881,-9,-0.000834356,-151,-0.183755,120,0.150614
363,60,4,0.468167,-8,0.000392638,-148,-0.180074,120,0.150614
364,60,5,0.469453,-5,0.00407362,-146,-0.17762,112,0.140798
365,60,6,0.47074,1,0.0114356,-145,-0.176393,118,0.14816
366,60,7,0.472026,-7,0.00161963,-145,-0.176393,123,0.154294
367,61,0,0.473312,-10,-0.00206135,-134,-0.162896,114,0.143252
368,61,1,0.474598,-3,0.00652761,-133,-0.161669,110,0.138344
369,61,2,0.475884,-5,0.00407362,-134,-0.162896,108,0.13589
370,61,3,0.47717,-7,0.00161963,-128,-0.155534,105,0.132209
371,61,4,0.478457,-13,-0.00574233,-129,-0.156761,110,0.138344
372,61,5,0.479743,-12,-0.00451534,-119,-0.144491,105,0.132209
373,61,6,0.481029,-5,0.00407362,-112,-0.135902,106,0.133436
374,61,7,0.482315,-5,0.00407362,-115,-0.139583,109,0.137117
375,62,0,0.483601,0,0.0102086,-86,-0.104,99,0.124847
376,62,1,0.484887,-2,0.0077546,-83,-0.100319,99,0.124847
377,62,2,0.486174,1,0.0114356,-81,-0.097865,95,0.119939
378,62,3,0.48746,8,0.0200245,-70,-0.0843681,96,0.121166
379,62,4,0.488746,0,0.0102086,-58,-0.0696442,97,0.122393
380,62,5,0.490032,-7,0.00161963,-57,-0.0684172,92,0.116258
381,62,6,0.491318,-8,0.000392638,-51,-0.0610552,95,0.119939
382,63,0,0.492605,0,0.0102086,-86,-0.104,99,0.124847
383,63,1,0.493891,-2,0.0077546,-83,-0.100319,99,0.124847
384,63,2,0.495177,1,0.0114356,-81,-0.097865,95,0.119939
385,63,3,0.496463,8,0.0200245,-70,-0.0843681,96,0.121166
386,63,4,0.497749,0,0.0102086,-58,-0.0696442,97,0.122393
387,63,5,0.499035,-7,0.00161963,-57,-0.0684172,92,0.116258
388,63,6,0.500322,-8,0.000392638,-51,-0.0610552,95,0.119939
389,64,0,0.501608,-2,0.0077546,-47,-0.0561472,96,0.121166
390,64,1,0.502894,-5,0.00407362,-48,-0.0573742,101,0.127301
391,64,2,0.50418,-3,0.00652761,-45,-0.0536932,103,0.129755
392,64,3,0.505466,0,0.0102086,-45,-0.0536932,100,0.126074
393,64,4,0.506752,-1,0.00898159,-48,-0.0573742,99,0.124847
394,64,5,0.508039,-3,0.00652761,-44,-0.0524663,100,0.126074
395,64,6,0.509325,-4,0.00530061,-36,-0.0426503,104,0.130982
396,64,7,0.510611,-7,0.00161963,-29,-0.0340613,98,0.12362
397,65,0,0.511897,-6,0.00284663,-28,-0.0328344,103,0.129755
398,65,1,0.513183,-7,0.00161963,-30,-0.0352883,106,0.133436
399,65,2,0.514469,-7,0.00161963,-27,-0.0316074,110,0.138344
400,65,3,0.515756,-5,0.00407362,-26,-0.0303804,109,0.137117
401,65,4,0.517042,1,0.0114356,-30,-0.0352883,107,0.134663
402,65,5,0.518328,-2,0.0077546,-26,-0.0303804,105,0.132209
403,65,6,0.519614,-6,0.00284663,-18,-0.0205644,102,0.128528
404,65,7,0.5209,-2,0.0077546,-19,-0.0217914,106,0.133436
405,66,0,0.522186,-1,0.00898159,-14,-0.0156564,103,0.129755
406,66,1,0.523473,-1,0.00898159,-17,-0.0193374,101,0.127301
407,66,2,0.524759,0,0.0102086,-12,-0.0132025,102,0.128528
408,66,3,0.526045,4,0.0151166,-6,-0.00584049,99,0.124847
409,66,4,0.527331,-3,0.00652761,-13,-0.0144294,101,0.127301
410,66,5,0.528617,-10,-0.00206135,-10,-0.0107485,110,0.138344
411,66,6,0.529904,-4,0.00530061,-5,-0.0046135,106,0.133436
412,67,0,0.53119,-4,0.00530061,0,0.00152147,105,0.132209
413,67,1,0.532476,-6,0.00284663,5,0.00765644,106,0.133436
414,67,2,0.533762,-9,-0.000834356,5,0.00765644,96,0.121166
415,67,3,0.535048,-9,-0.000834356,5,0.00765644,95,0.119939
416,67,4,0.536334,-11,-0.00328834,10,0.0137914,88,0.11135
417,67,5,0.537621,-1,0.00898159,12,0.0162454,86,0.108896
418,67,6,0.538907,6,0.0175706,15,0.0199264,81,0.102761
419,67,7,0.540193,5,0.0163436,18,0.0236074,80,0.101534
420,68,0,0.541479,3,0.0138896,24,0.0309693,84,0.106442
421,68,1,0.542765,4,0.0151166,25,0.0321963,74,0.0941718
422,68,2,0.544051,6,0.0175706,27,0.0346503,72,0.0917178
423,68,3,0.545338,5,0.0163436,27,0.0346503,72,0.0917178
424,68,4,0.546624,3,0.0138896,31,0.0395583,70,0.0892638
425,68,5,0.54791,2,0.0126626,31,0.0395583,66,0.0843558
426,68,6,0.549196,-11,-0.00328834,40,0.0506012,56,0.0720859
427,68,7,0.550482,-11,-0.00328834,45,0.0567362,55,0.0708589
428,69,0,0.551768,-15,-0.00819632,45,0.0567362,52,0.0671779
429,69,1,0.553055,-7,0.00161963,47,0.0591902,50,0.0647239
430,69,2,0.554341,-6,0.00284663,41,0.0518282,44,0.057362
431,69,3,0.555627,-1,0.00898159,36,0.0456933,37,0.048773
432,69,4,0.556913,-5,0.00407362,43,0.0542822,44,0.057362
433,69,5,0.558199,-5,0.00407362,46,0.0579632,36,0.047546
434,69,6,0.559486,-2,0.0077546,49,0.0616442,36,0.047546
435,70,0,0.560772,3,0.0138896,50,0.0628712,39,0.051227
436,70,1,0.562058,1,0.0114356,43,0.0542822,31,0.041411
437,70,2,0.563344,-3,0.00652761,45,0.0567362,26,0.0352761
438,70,3,0.56463,-10,-0.00206135,55,0.0690061,26,0.0352761
439,70,4,0.565916,-10,-0.00206135,56,0.0702331,21,0.0291411
440,70,5,0.567203,-4,0.00530061,54,0.0677791,21,0.0291411
441,70,6,0.568489,-2,0.0077546,56,0.0702331,17,0.0242331
442,70,7,0.569775,6,0.0175706,56,0.0702331,16,0.0230061
443,71,0,0.571061,-1,0.00898159,56,0.0702331,16,0.0230061
444,71,1,0.572347,-1,0.00898159,55,0.0690061,14,0.0205521
445,71,2,0.573633,-3,0.00652761,53,0.0665521,15,0.0217791
446,71,3,0.57492,2,0.0126626,54,0.0677791,12,0.0180982
447,71,4,0.576206,-2,0.0077546,53,0.0665521,12,0.0180982
448,71,5,0.577492,-5,0.00407362,56,0.0702331,10,0.0156442
449,71,6,0.578778,-8,0.000392638,55,0.0690061,18,0.0254601
450,71,7,0.580064,-3,0.00652761,46,0.0579632,16,0.0230061
451,72,0,0.58135,-8,0.000392638,41,0.0518282,15,0.0217791
452,72,1,0.582637,-10,-0.00206135,43,0.0542822,23,0.0315951
453,72,2,0.583923,-7,0.00161963,43,0.0542822,20,0.0279141
454,72,3,0.585209,-8,0.000392638,40,0.0506012,19,0.0266871
455,72,4,0.586495,-4,0.00530061,37,0.0469202,18,0.0254601
456,72,5,0.587781,4,0.0151166,29,0.0371043,17,0.0242331
457,72,6,0.589068,7,0.0187975,24,0.0309693,32,0.042638
458,73,0,0.590354,5,0.0163436,34,0.0432393,32,0.042638
459,73,1,0.59164,-1,0.00898159,28,0.0358773,36,0.047546
460,73,2,0.592926,-3,0.00652761,26,0.0334233,33,0.043865
461,73,3,0.594212,0,0.0102086,21,0.0272883,35,0.046319
462,73,4,0.595498,-1,0.00898159,14,0.0186994,42,0.054908
463,73,5,0.596785,-1,0.00898159,11,0.0150184,54,0.0696319
464,73,6,0.598071,0,0.0102086,18,0.0236074,61,0.0782209
465,73,7,0.599357,2,0.0126626,17,0.0223804,55,0.0708589
466,74,0,0.600643,5,0.0163436,6,0.00888344,53,0.0684049
467,74,1,0.601929,-3,0.00652761,11,0.0150184,54,0.0696319
468,74,2,0.603215,7,0.0187975,13,0.0174724,54,0.0696319
469,74,3,0.604502,5,0.0163436,10,0.0137914,66,0.0843558
470,74,4,0.605788,3,0.0138896,10,0.0137914,69,0.0880368
471,74,5,0.607074,1,0.0114356,1,0.00274847,61,0.0782209
472,74,6,0.60836,-5,0.00407362,0,0.00152147,64,0.0819018
473,74,7,0.609646,-9,-0.000834356,4,0.00642945,71,0.0904908
474,75,0,0.610932,-9,-0.000834356,4,0.00642945,74,0.0941718
475,75,1,0.612219,-7,0.00161963,0,0.00152147,72,0.0917178
476,75,2,0.613505,-4,0.00530061,-2,-0.000932515,65,0.0831288
477,75,3,0.614791,-1,0.00898159,-4,-0.0033865,70,0.0892638
478,75,4,0.616077,-1,0.00898159,2,0.00397546,69,0.0880368
479,75,5,0.617363,1,0.0114356,7,0.0101104,70,0.0892638
480,75,6,0.61865,-1,0.00898159,-1,0.000294479,70,0.0892638
481,75,7,0.619936,-8,0.000392638,0,0.00152147,63,0.0806748
482,76,0,0.621222,-6,0.00284663,8,0.0113374,63,0.0806748
483,76,1,0.622508,-11,-0.00328834,8,0.0113374,63,0.0806748
484,76,2,0.623794,-8,0.000392638,8,0.0113374,61,0.0782209
485,76,3,0.62508,1,0.0114356,4,0.00642945,61,0.0782209
486,76,4,0.626367,2,0.0126626,5,0.00765644,63,0.0806748
487,76,5,0.627653,4,0.0151166,9,0.0125644,65,0.0831288
488,76,6,0.628939,7,0.0187975,11,0.0150184,60,0.0769939
489,77,0,0.630225,8,0.0200245,14,0.0186994,60,0.0769939
490,77,1,0.631511,5,0.0163436,11,0.0150184,61,0.0782209
491,77,2,0.632797,-6,0.00284663,7,0.0101104,55,0.0708589
492,77,3,0.634084,-7,0.00161963,8,0.0113374,57,0.0733129
493,77,4,0.63537,-1,0.00898159,14,0.0186994,56,0.0720859
494,77,5,0.636656,9,0.0212515,20,0.0260614,55,0.0708589
495,77,6,0.637942,6,0.0175706,20,0.0260614,53,0.0684049
496,77,7,0.639228,4,0.0151166,24,0.0309693,51,0.0659509
497,78,0,0.640514,9,0.0212515,26,0.0334233,53,0.0684049
498,78,1,0.641801,10,0.0224785,18,0.0236074,47,0.0610429
499,78,2,0.643087,6,0.0175706,18,0.0236074,52,0.0671779
500,78,3,0.644373,1,0.0114356,26,0.0334233,53,0.0684049
501,78,4,0.645659,-3,0.00652761,31,0.0395583,47,0.0610429
502,78,5,0.646945,3,0.0138896,27,0.0346503,41,0.053681
503,78,6,0.648232,0,0.0102086,38,0.0481472,45,0.058589
504,78,7,0.649518,-5,0.00407362,47,0.0591902,49,0.0634969
505,79,0,0.650804,-6,0.00284663,53,0.0665521,49,0.0634969
506,79,1,0.65209,-7,0.00161963,55,0.0690061,46,0.059816
507,79,2,0.653376,-6,0.00284663,53,0.0665521,44,0.057362
508,79,3,0.654662,-2,0.0077546,57,0.0714601,46,0.059816
509,79,4,0.655949,-1,0.00898159,59,0.0739141,47,0.0610429
510,79,5,0.657235,-8,0.000392638,59,0.0739141,53,0.0684049
511,79,6,0.658521,-6,0.00284663,60,0.0751411,48,0.0622699
512,80,0,0.659807,-4,0.00530061,68,0.0849571,50,0.0647239
513,80,1,0.661093,-4,0.00530061,78,0.097227,46,0.059816
514,80,2,0.662379,-5,0.00407362,73,0.091092,52,0.0671779
515,80,3,0.663666,-6,0.00284663,77,0.096,48,0.0622699
516,80,4,0.664952,-9,-0.000834356,89,0.110724,43,0.056135
517,80,5,0.666238,-6,0.00284663,95,0.118086,42,0.054908
518,80,6,0.667524,-5,0.00407362,101,0.125448,44,0.057362
519,80,7,0.66881,-6,0.00284663,96,0.119313,49,0.0634969
520,81,0,0.670096,-5,0.00407362,101,0.125448,52,0.0671779
521,81,1,0.671383,3,0.0138896,103,0.127902,47,0.0610429
522,81,2,0.672669,-1,0.00898159,104,0.129129,57,0.0733129
523,81,3,0.673955,-3,0.00652761,105,0.130356,61,0.0782209
524,81,4,0.675241,-9,-0.000834356,106,0.131583,63,0.0806748
525,81,5,0.676527,-6,0.00284663,111,0.137718,64,0.0819018
526,81,6,0.677814,-1,0.00898159,124,0.153669,59,0.0757669
527,81,7,0.6791,0,0.0102086,134,0.165939,57,0.0733129
528,82,0,0.680386,-5,0.00407362,137,0.16962,61,0.0782209
529,82,1,0.681672,0,0.0102086,148,0.183117,58,0.0745399
530,82,2,0.682958,-6,0.00284663,157,0.19416,60,0.0769939
531,82,3,0.684244,-6,0.00284663,163,0.201521,59,0.0757669
532,82,4,0.685531,-4,0.00530061,175,0.216245,59,0.0757669
533,82,5,0.686817,-4,0.00530061,193,0.238331,66,0.0843558
534,82,6,0.688103,-3,0.00652761,210,0.25919,67,0.0855828
535,83,0,0.689389,-4,0.00530061,382,0.470233,38,0.05
536,83,1,0.690675,-6,0.00284663,408,0.502135,39,0.051227
537,83,2,0.691961,-8,0.000392638,434,0.534037,40,0.052454
538,83,3,0.693248,-2,0.0077546,458,0.563485,29,0.0389571
539,83,4,0.694534,0,0.0102086,474,0.583117,23,0.0315951
540,83,5,0.69582,-3,0.00652761,494,0.607656,17,0.0242331
541,83,6,0.697106,-5,0.00407362,519,0.638331,15,0.0217791
542,83,7,0.698392,6,0.0175706,548,0.673914,16,0.0230061
543,83,8,0.699678,0,0.0102086,568,0.698454,9,0.0144172
544,83,9,0.700965,-1,0.00898159,593,0.729129,4,0.00828221
545,84,0,0.702251,-4,0.00530061,382,0.470233,38,0.05
546,84,1,0.703537,-6,0.00284663,408,0.502135,39,0.051227
547,84,2,0.704823,-8,0.000392638,434,0.534037,40,0.052454
548,84,3,0.706109,-2,0.0077546,458,0.563485,29,0.0389571
549,84,4,0.707395,0,0.0102086,474,0.583117,23,0.0315951
550,84,5,0.708682,-3,0.00652761,494,0.607656,17,0.0242331
551,84,6,0.709968,-5,0.00407362,519,0.638331,15,0.0217791
552,84,7,0.711254,6,0.0175706,548,0.673914,16,0.0230061
553,84,8,0.71254,0,0.0102086,568,0.698454,9,0.0144172
554,84,9,0.713826,-1,0.00898159,593,0.729129,4,0.00828221
555,85,0,0.715113,0,0.0102086,617,0.758577,6,0.0107362
556,85,1,0.716399,-4,0.00530061,636,0.78189,5,0.0095092
557,85,2,0.717685,-7,0.00161963,665,0.817472,0,0.00337423
558,85,3,0.718971,-7,0.00161963,698,0.857963,-3,-0.000306748
559,85,4,0.720257,-6,0.00284663,729,0.896,4,0.00828221
560,85,5,0.721543,-12,-0.00451534,755,0.927902,-1,0.00214724
561,86,0,0.72283,-17,-0.0106503,783,0.962258,-4,-0.00153374
562,86,1,0.724116,-11,-0.00328834,815,1.00152,-11,-0.0101227
563,86,2,0.725402,-3,0.00652761,840,1.0322,-10,-0.00889571
564,86,3,0.726688,0,0.0102086,869,1.06778,-16,-0.0162577
565,86,4,0.727974,4,0.0151166,896,1.10091,-12,-0.0113497
566,86,5,0.72926,3,0.0138896,933,1.14631,-9,-0.00766871
567,86,6,0.730547,-5,0.00407362,974,1.19661,-4,-0.00153374
568,87,0,0.731833,-5,0.00407362,1014,1.24569,-7,-0.00521472
569,87,1,0.733119,7,0.0187975,1046,1.28496,4,0.00828221
570,87,2,0.734405,8,0.0200245,1084,1.33158,5,0.0095092
571,87,3,0.735691,10,0.0224785,1113,1.36717,6,0.0107362
572,87,4,0.736977,13,0.0261595,1152,1.41502,-1,0.00214724
573,87,5,0.738264,4,0.0151166,1187,1.45796,-13,-0.0125767
574,87,6,0.73955,-1,0.00898159,1212,1.48864,-16,-0.0162577
575,87,7,0.740836,-1,0.00898159,1247,1.53158,-12,-0.0113497
576,88,0,0.742122,5,0.0163436,1290,1.58434,-16,-0.0162577
577,88,1,0.743408,4,0.0151166,1326,1.62852,-19,-0.0199386
578,88,2,0.744695,5,0.0163436,1357,1.66655,-14,-0.0138037
579,88,3,0.745981,2,0.0126626,1388,1.70459,-6,-0.00398773
580,88,4,0.747267,11,0.0237055,1422,1.74631,1,0.00460123
581,88,5,0.748553,5,0.0163436,1458,1.79048,5,0.0095092
582,88,6,0.749839,8,0.0200245,1492,1.8322,-2,0.000920245
583,88,7,0.751125,13,0.0261595,1530,1.87882,-10,-0.00889571
584,89,0,0.752412,12,0.0249325,1566,1.92299,-10,-0.00889571
585,89,1,0.753698,8,0.0200245,1598,1.96226,-11,-0.0101227
586,89,2,0.754984,8,0.0200245,1628,1.99907,-5,-0.00276074
587,89,3,0.75627,12,0.0249325,1670,2.0506,-10,-0.00889571
588,89,4,0.757556,12,0.0249325,1708,2.09723,-7,-0.00521472
589,89,5,0.758842,12,0.0249325,1740,2.13649,2,0.00582822
590,89,6,0.760129,13,0.0261595,1778,2.18312,4,0.00828221
591,90,0,0.761415,8,0.0200245,1806,2.21747,3,0.00705521
592,90,1,0.762701,8,0.0200245,1836,2.25428,0,0.00337423
593,90,2,0.763987,4,0.0151166,1878,2.30582,-8,-0.00644172
594,90,3,0.765273,7,0.0187975,1911,2.34631,0,0.00337423
595,90,4,0.766559,13,0.0261595,1946,2.38925,-4,-0.00153374
596,90,5,0.767846,14,0.0273865,1981,2.4322,1,0.00460123
597,90,6,0.769132,8,0.0200245,2017,2.47637,-2,0.000920245
598,90,7,0.770418,14,0.0273865,2052,2.51931,-4,-0.00153374
599,91,0,0.771704,20,0.0347485,2091,2.56717,-3,-0.000306748
600,91,1,0.77299,21,0.0359755,2126,2.61011,-6,-0.00398773
601,91,2,0.774277,17,0.0310675,2159,2.6506,-7,-0.00521472
602,91,3,0.775563,20,0.0347485,2197,2.69723,-1,0.00214724
603,91,4,0.776849,16,0.0298405,2233,2.7414,-11,-0.0101227
604,91,5,0.778135,16,0.0298405,2272,2.78925,-11,-0.0101227
605,91,6,0.779421,16,0.0298405,2302,2.82606,-7,-0.00521472
606,91,7,0.780707,14,0.0273865,2335,2.86655,-2,0.000920245
607,92,0,0.781994,16,0.0298405,2371,2.91072,-4,-0.00153374
608,92,1,0.78328,20,0.0347485,2405,2.95244,-6,-0.00398773
609,92,2,0.784566,26,0.0421104,2444,3.00029,-7,-0.00521472
610,92,3,0.785852,27,0.0433374,2480,3.04447,-7,-0.00521472
611,92,4,0.787138,24,0.0396564,2512,3.08373,-3,-0.000306748
612,92,5,0.788424,28,0.0445644,2538,3.11563,2,0.00582822
613,92,6,0.789711,30,0.0470184,2577,3.16348,-6,-0.00398773
614,93,0,0.790997,26,0.0421104,2614,3.20888,-1,0.00214724
615,93,1,0.792283,24,0.0396564,2649,3.25183,-7,-0.00521472
616,93,2,0.793569,24,0.0396564,2681,3.29109,1,0.00460123
617,93,3,0.794855,26,0.0421104,2718,3.33649,4,0.00828221
618,93,4,0.796141,27,0.0433374,2755,3.38189,-3,-0.000306748
619,93,5,0.797428,28,0.0445644,2790,3.42483,-7,-0.00521472
620,93,6,0.798714,24,0.0396564,2831,3.47514,-7,-0.00521472
621,93,7,0.8,27,0.0433374,2863,3.51441,0,0.00337423
622,94,0,0.801286,25,0.0408834,2892,3.54999,-1,0.00214724
623,94,1,0.802572,29,0.0457914,2929,3.59539,0,0.00337423
624,94,2,0.803859,31,0.0482454,2959,3.6322,-3,-0.000306748
625,94,3,0.805145,29,0.0457914,2999,3.68128,-4,-0.00153374
626,94,4,0.806431,34,0.0519264,3043,3.73526,-5,-0.00276074
627,94,5,0.807717,41,0.0605153,3076,3.77575,-6,-0.00398773
628,94,6,0.809003,47,0.0678773,3111,3.8187,-6,-0.00398773
629,94,7,0.810289,41,0.0605153,3150,3.86655,-2,0.000920245
630,95,0,0.811576,40,0.0592883,3183,3.90704,-2,0.000920245
631,95,1,0.812862,40,0.0592883,3209,3.93894,3,0.00705521
632,95,2,0.814148,39,0.0580614,3245,3.98312,5,0.0095092
633,95,3,0.815434,42,0.0617423,3284,4.03097,8,0.0131902
634,95,4,0.81672,40,0.0592883,3320,4.07514,6,0.0107362
635,95,5,0.818006,45,0.0654233,3353,4.11563,5,0.0095092
636,95,6,0.819293,55,0.0776933,3390,4.16103,4,0.00828221
637,96,0,0.820579,54,0.0764663,3427,4.20643,-7,-0.00521472
638,96,1,0.821865,55,0.0776933,3455,4.24079,-14,-0.0138037
639,96,2,0.823151,52,0.0740123,3483,4.27514,-6,-0.00398773
640,96,3,0.824437,44,0.0641963,3519,4.31931,-6,-0.00398773
641,96,4,0.825723,50,0.0715583,3558,4.36717,3,0.00705521
642,96,5,0.82701,44,0.0641963,3589,4.4052,4,0.00828221
643,96,6,0.828296,46,0.0666503,3626,4.4506,4,0.00828221
644,96,7,0.829582,51,0.0727853,3655,4.48618,1,0.00460123
645,97,0,0.830868,43,0.0629693,3693,4.53281,0,0.00337423
646,97,1,0.832154,37,0.0556074,3731,4.57944,7,0.0119632
647,97,2,0.833441,43,0.0629693,3773,4.63097,8,0.0131902
648,97,3,0.834727,43,0.0629693,3812,4.67882,5,0.0095092
649,97,4,0.836013,37,0.0556074,3842,4.71563,7,0.0119632
650,97,5,0.837299,28,0.0445644,3877,4.75858,1,0.00460123
651,97,6,0.838585,32,0.0494724,3911,4.80029,5,0.0095092
652,97,7,0.839871,32,0.0494724,3945,4.84201,2,0.00582822
653,98,0,0.841158,25,0.0408834,3984,4.88986,-6,-0.00398773
654,98,1,0.842444,23,0.0384294,4016,4.92913,-3,-0.000306748
655,98,2,0.84373,29,0.0457914,4055,4.97698,-3,-0.000306748
656,98,3,0.845016,38,0.0568344,4096,5.02729,7,0.0119632
657,98,4,0.846302,48,0.0691043,4132,5.07146,-5,-0.00276074
658,98,5,0.847588,55,0.0776933,4170,5.11809,-9,-0.00766871
659,98,6,0.848875,54,0.0764663,4211,5.16839,-15,-0.0150307
660,98,7,0.850161,49,0.0703313,4248,5.21379,-8,-0.00644172
661,99,0,0.851447,54,0.0764663,4280,5.25306,-5,-0.00276074
662,99,1,0.852733,54,0.0764663,4318,5.29968,-6,-0.00398773
663,99,2,0.854019,54,0.0764663,4353,5.34263,-8,-0.00644172
664,99,3,0.855305,54,0.0764663,4379,5.37453,-4,-0.00153374
665,99,4,0.856592,51,0.0727853,4419,5.42361,-7,-0.00521472
666,99,5,0.857878,56,0.0789202,4454,5.46655,1,0.00460123
667,99,6,0.859164,63,0.0875092,4488,5.50827,2,0.00582822
668,100,0,0.86045,61,0.0850552,4524,5.55244,-2,0.000920245
669,100,1,0.861736,47,0.0678773,4557,5.59293,0,0.00337423
670,100,2,0.863023,43,0.0629693,4586,5.62852,0,0.00337423
671,100,3,0.864309,53,0.0752393,4622,5.67269,5,0.0095092
672,100,4,0.865595,57,0.0801472,4658,5.71686,11,0.0168712
673,100,5,0.866881,64,0.0887362,4697,5.76471,10,0.0156442
674,100,6,0.868167,67,0.0924172,4733,5.80888,1,0.00460123
675,100,7,0.869453,65,0.0899632,4764,5.84692,-7,-0.00521472
676,101,0,0.87074,57,0.0801472,4807,5.89968,-2,0.000920245
677,101,1,0.872026,55,0.0776933,4840,5.94017,-6,-0.00398773
678,101,2,0.873312,51,0.0727853,4874,5.98189,-14,-0.0138037
679,101,3,0.874598,46,0.0666503,4899,6.01256,-11,-0.0101227
680,101,4,0.875884,52,0.0740123,4939,6.06164,-13,-0.0125767
681,101,5,0.87717,59,0.0826012,4969,6.09845,-8,-0.00644172
682,101,6,0.878457,56,0.0789202,5000,6.13649,-5,-0.00276074
683,101,7,0.879743,51,0.0727853,5043,6.18925,-3,-0.000306748
684,102,0,0.881029,50,0.0715583,5084,6.23956,-1,0.00214724
685,102,1,0.882315,50,0.0715583,5122,6.28618,-13,-0.0125767
686,102,2,0.883601,50,0.0715583,5156,6.3279,-10,-0.00889571
687,102,3,0.884887,59,0.0826012,5191,6.37085,-4,-0.00153374
688,102,4,0.886174,70,0.0960982,5223,6.41011,-10,-0.00889571
689,102,5,0.88746,78,0.105914,5256,6.4506,-7,-0.00521472
690,102,6,0.888746,82,0.110822,5289,6.49109,-6,-0.00398773
691,103,0,0.890032,84,0.113276,5321,6.53036,0,0.00337423
692,103,1,0.891318,85,0.114503,5354,6.57085,-3,-0.000306748
693,103,2,0.892605,87,0.116957,5398,6.62483,-6,-0.00398773
694,103,3,0.893891,86,0.11573,5435,6.67023,-3,-0.000306748
695,103,4,0.895177,85,0.114503,5471,6.71441,0,0.00337423
696,103,5,0.896463,91,0.121865,5510,6.76226,6,0.0107362
697,103,6,0.897749,97,0.129227,5548,6.80888,17,0.0242331
698,103,7,0.899035,110,0.145178,5575,6.84201,20,0.0279141
699,104,0,0.900322,121,0.158675,5609,6.88373,28,0.0377301
700,104,1,0.901608,126,0.16481,5651,6.93526,31,0.041411
701,104,2,0.902894,118,0.154994,5688,6.98066,33,0.043865
702,104,3,0.90418,115,0.151313,5720,7.01993,32,0.042638
703,104,4,0.905466,114,0.150086,5758,7.06655,27,0.0365031
704,104,5,0.906752,113,0.148859,5793,7.1095,31,0.041411
705,104,6,0.908039,114,0.150086,5826,7.14999,35,0.046319
706,104,7,0.909325,118,0.154994,5865,7.19784,38,0.05
707,105,0,0.910611,123,0.161129,5890,7.22852,37,0.048773
708,105,1,0.911897,114,0.150086,5926,7.27269,35,0.046319
709,105,2,0.913183,110,0.145178,5963,7.31809,37,0.048773
710,105,3,0.914469,109,0.143951,6004,7.36839,32,0.042638
711,105,4,0.915756,107,0.141497,6032,7.40275,30,0.0401841
712,105,5,0.917042,105,0.139043,6063,7.44079,28,0.0377301
713,105,6,0.918328,100,0.132908,6100,7.48618,15,0.0217791
714,105,7,0.919614,107,0.141497,6134,7.5279,11,0.0168712
715,105,8,0.9209,98,0.130454,6172,7.57453,6,0.0107362
716,106,0,0.922186,89,0.119411,6211,7.62238,6,0.0107362
717,106,1,0.923473,88,0.118184,6253,7.67391,0,0.00337423
718,106,2,0.924759,88,0.118184,6287,7.71563,-12,-0.0113497
719,106,3,0.926045,89,0.119411,6326,7.76348,-15,-0.0150307
720,106,4,0.927331,81,0.109595,6360,7.8052,-21,-0.0223926
721,106,5,0.928617,75,0.102233,6393,7.84569,-34,-0.0383436
722,106,6,0.929904,68,0.0936442,6420,7.87882,-35,-0.0395706
723,106,7,0.93119,72,0.0985521,6447,7.91195,-33,-0.0371166
724,107,0,0.932476,80,0.108368,6497,7.9733,-25,-0.0273006
725,107,1,0.933762,89,0.119411,6552,8.04078,-14,-0.0138037
726,107,2,0.935048,88,0.118184,6591,8.08864,-4,-0.00153374
727,107,3,0.936334,86,0.11573,6613,8.11563,6,0.0107362
728,107,4,0.937621,90,0.120638,6637,8.14508,5,0.0095092
729,107,5,0.938907,99,0.131681,6676,8.19293,6,0.0107362
730,108,0,0.940193,112,0.147632,6711,8.23588,13,0.0193252
731,108,1,0.941479,126,0.16481,6735,8.26533,26,0.0352761
732,108,2,0.942765,139,0.180761,6786,8.3279,39,0.051227
733,108,3,0.944051,137,0.178307,6832,8.38434,46,0.059816
734,108,4,0.945338,129,0.168491,6858,8.41625,51,0.0659509
735,108,5,0.946624,133,0.173399,6881,8.44447,48,0.0622699
736,108,6,0.94791,124,0.162356,6913,8.48373,50,0.0647239
737,108,7,0.949196,132,0.172172,6943,8.52054,50,0.0647239
738,109,0,0.950482,147,0.190577,6977,8.56226,49,0.0634969
739,109,1,0.951768,143,0.185669,7016,8.61011,58,0.0745399
740,109,2,0.953055,135,0.175853,7061,8.66533,57,0.0733129
741,109,3,0.954341,125,0.163583,7094,8.70582,52,0.0671779
742,109,4,0.955627,124,0.162356,7131,8.75121,51,0.0659509
743,109,5,0.956913,131,0.170945,7158,8.78434,53,0.0684049
744,109,6,0.958199,137,0.178307,7194,8.82852,59,0.0757669
745,110,0,0.959486,141,0.183215,7225,8.86655,57,0.0733129
746,110,1,0.960772,148,0.191804,7252,8.89968,58,0.0745399
747,110,2,0.962058,145,0.188123,7283,8.93772,60,0.0769939
748,110,3,0.963344,144,0.186896,7318,8.98066,53,0.0684049
749,110,4,0.96463,145,0.188123,7362,9.03465,56,0.0720859
750,110,5,0.965916,149,0.193031,7404,9.08618,51,0.0659509
751,110,6,0.967203,145,0.188123,7424,9.11072,51,0.0659509
752,110,7,0.968489,152,0.196712,7451,9.14385,44,0.057362
753,111,0,0.969775,149,0.193031,7496,9.19907,41,0.053681
754,111,1,0.971061,146,0.18935,7544,9.25796,46,0.059816
755,111,2,0.972347,144,0.186896,7568,9.28741,44,0.057362
756,111,3,0.973633,142,0.184442,7590,9.3144,44,0.057362
757,111,4,0.97492,142,0.184442,7609,9.33772,39,0.051227
758,111,5,0.976206,144,0.186896,7645,9.38189,27,0.0365031
759,111,6,0.977492,139,0.180761,7679,9.42361,17,0.0242331
760,111,7,0.978778,136,0.17708,7726,9.48128,8,0.0131902
761,112,0,0.980064,139,0.180761,7750,9.51072,-2,0.000920245
762,112,1,0.98135,146,0.18935,7769,9.53404,-3,-0.000306748
763,112,2,0.982637,152,0.196712,7803,9.57575,-2,0.000920245
764,112,3,0.983923,149,0.193031,7853,9.6371,1,0.00460123
765,112,4,0.985209,146,0.18935,7888,9.68005,3,0.00705521
766,112,5,0.986495,151,0.195485,7905,9.70091,14,0.0205521
767,112,6,0.987781,150,0.194258,7936,9.73895,10,0.0156442
768,113,0,0.989068,150,0.194258,7979,9.79171,8,0.0131902
769,113,1,0.990354,147,0.190577,8008,9.82729,7,0.0119632
770,113,2,0.99164,147,0.190577,8033,9.85796,12,0.0180982
771,113,3,0.992926,146,0.18935,8062,9.89355,11,0.0168712
772,113,4,0.994212,145,0.188123,8100,9.94017,9,0.0144172
773,113,5,0.995498,148,0.191804,8134,9.98189,5,0.0095092
774,113,6,0.996785,148,0.191804,8173,10.0297,0,0.00337423
775,113,7,0.998071,140,0.181988,8203,10.0666,-13,-0.0125767
776,114,0,0.999357,140,0.181988,8231,10.1009,-19,-0.0199386
777,114,1,1.00064,145,0.188123,8257,10.1328,-22,-0.0236196
778,114,2,1.00193,151,0.195485,8281,10.1623,-29,-0.0322086
779,114,3,1.00322,152,0.196712,8316,10.2052,-16,-0.0162577
780,114,4,1.0045,146,0.18935,8350,10.2469,-11,-0.0101227
781,114,5,1.00579,147,0.190577,8389,10.2948,0,0.00337423
782,114,6,1.00707,150,0.194258,8417,10.3291,7,0.0119632
783,114,7,1.00836,153,0.197939,8445,10.3635,15,0.0217791
784,115,0,1.00965,153,0.197939,8479,10.4052,21,0.0291411
785,115,1,1.01093,149,0.193031,8507,10.4396,14,0.0205521
786,115,2,1.01222,144,0.186896,8530,10.4678,13,0.0193252
787,115,3,1.0135,141,0.183215,8554,10.4972,9,0.0144172
788,115,4,1.01479,146,0.18935,8599,10.5524,0,0.00337423
789,115,5,1.01608,154,0.199166,8646,10.6101,-2,0.000920245
790,115,6,1.01736,155,0.200393,8683,10.6555,-14,-0.0138037
791,116,0,1.01865,153,0.197939,8706,10.6837,-15,-0.0150307
792,116,1,1.01994,155,0.200393,8739,10.7242,-24,-0.0260736
793,116,2,1.02122,163,0.210209,8773,10.7659,-29,-0.0322086
794,116,3,1.02251,171,0.220025,8800,10.7991,-32,-0.0358896
795,116,4,1.02379,171,0.220025,8833,10.8396,-37,-0.0420245
796,116,5,1.02508,167,0.215117,8876,10.8923,-45,-0.0518405
797,116,6,1.02637,166,0.21389,8910,10.934,-47,-0.0542945
798,116,7,1.02765,171,0.220025,8937,10.9672,-58,-0.0677914
799,117,0,1.02894,174,0.223706,8963,10.9991,-64,-0.0751534
800,117,1,1.03023,174,0.223706,8996,11.0396,-69,-0.0812883
801,117,2,1.03151,177,0.227387,9042,11.096,-52,-0.0604294
802,117,3,1.0328,170,0.218798,9075,11.1365,-46,-0.0530675
803,117,4,1.03408,168,0.216344,9103,11.1708,-47,-0.0542945
804,117,5,1.03537,169,0.217571,9141,11.2175,-33,-0.0371166
805,117,6,1.03666,160,0.206528,9173,11.2567,-10,-0.00889571
806,117,7,1.03794,152,0.196712,9205,11.296,16,0.0230061
807,118,0,1.03923,147,0.190577,9241,11.3402,40,0.052454
808,118,1,1.04051,135,0.175853,9274,11.3807,60,0.0769939
809,118,2,1.0418,115,0.151313,9302,11.415,82,0.103988
810,118,3,1.04309,105,0.139043,9335,11.4555,95,0.119939
811,118,4,1.04437,94,0.125546,9372,11.5009,99,0.124847
812,118,5,1.04566,96,0.128,9405,11.5414,101,0.127301
813,118,6,1.04695,95,0.126773,9444,11.5893,95,0.119939
814,119,0,1.04823,96,0.128,9487,11.642,93,0.117485
815,119,1,1.04952,102,0.135362,9527,11.6911,90,0.113804
816,119,2,1.0508,107,0.141497,9569,11.7426,86,0.108896
817,119,3,1.05209,125,0.163583,9616,11.8003,74,0.0941718
818,119,4,1.05338,145,0.188123,9663,11.858,50,0.0647239
819,119,5,1.05466,148,0.191804,9690,11.8911,25,0.0340491
820,119,6,1.05595,148,0.191804,9726,11.9353,12,0.0180982
821,119,7,1.05723,156,0.20162,9756,11.9721,14,0.0205521
822,120,0,1.05852,159,0.205301,9792,12.0162,22,0.0303681
823,120,1,1.05981,166,0.21389,9828,12.0604,24,0.0328221
824,120,2,1.06109,170,0.218798,9867,12.1083,27,0.0365031
825,120,3,1.06238,184,0.235975,9915,12.1672,25,0.0340491
826,120,4,1.06367,196,0.250699,9951,12.2113,16,0.0230061
827,120,5,1.06495,205,0.261742,9981,12.2481,1,0.00460123
828,120,6,1.06624,215,0.274012,10022,12.2985,-21,-0.0223926
829,120,7,1.06752,226,0.287509,10052,12.3353,-27,-0.0297546
830,121,0,1.06881,232,0.294871,10091,12.3831,-32,-0.0358896
831,121,1,1.0701,227,0.288736,10121,12.4199,-25,-0.0273006
832,121,2,1.07138,221,0.281374,10157,12.4641,-19,-0.0199386
833,121,3,1.07267,228,0.289963,10199,12.5156,-13,-0.0125767
834,121,4,1.07395,241,0.305914,10239,12.5647,-7,-0.00521472
835,121,5,1.07524,236,0.299779,10277,12.6113,-10,-0.00889571
836,121,6,1.07653,243,0.308368,10298,12.6371,-15,-0.0150307
837,121,7,1.07781,247,0.313276,10343,12.6923,-25,-0.0273006
838,122,0,1.0791,237,0.301006,10380,12.7377,-22,-0.0236196
839,122,1,1.08039,221,0.281374,10423,12.7905,-21,-0.0223926
840,122,2,1.08167,215,0.274012,10458,12.8334,-18,-0.0187117
841,122,3,1.08296,221,0.281374,10505,12.8911,-16,-0.0162577
842,122,4,1.08424,232,0.294871,10537,12.9304,-16,-0.0162577
843,122,5,1.08553,233,0.296098,10566,12.9659,-28,-0.0309816
844,122,6,1.08682,233,0.296098,10592,12.9978,-23,-0.0248466
845,123,0,1.0881,235,0.298552,10639,13.0555,-23,-0.0248466
846,123,1,1.08939,235,0.298552,10698,13.1279,-20,-0.0211656
847,123,2,1.09068,234,0.297325,10733,13.1708,-19,-0.0199386
848,123,3,1.09196,243,0.308368,10753,13.1954,-28,-0.0309816
849,123,4,1.09325,254,0.321865,10791,13.242,-27,-0.0297546
850,123,5,1.09453,251,0.318184,10831,13.2911,-26,-0.0285276
851,123,6,1.09582,235,0.298552,10852,13.3169,-23,-0.0248466
852,123,7,1.09711,221,0.281374,10878,13.3488,-12,-0.0113497
853,124,0,1.09839,221,0.281374,10905,13.3819,-4,-0.00153374
854,124,1,1.09968,231,0.293644,10930,13.4126,0,0.00337423
855,124,2,1.10096,227,0.288736,10965,13.4555,6,0.0107362
856,124,3,1.10225,227,0.288736,10996,13.4935,12,0.0180982
857,124,4,1.10354,224,0.285055,11034,13.5402,6,0.0107362
858,124,5,1.10482,237,0.301006,11073,13.588,10,0.0156442
859,124,6,1.10611,250,0.316957,11103,13.6248,13,0.0193252
860,124,7,1.1074,259,0.328,11129,13.6567,5,0.0095092
861,125,0,1.10868,276,0.348859,11168,13.7046,9,0.0144172
862,125,1,1.10997,283,0.357448,11205,13.75,8,0.0131902
863,125,2,1.11125,307,0.386896,11229,13.7794,7,0.0119632
864,125,3,1.11254,345,0.433521,11251,13.8064,-3,-0.000306748
865,125,4,1.11383,373,0.467877,11282,13.8445,-11,-0.0101227
866,125,5,1.11511,399,0.499779,11296,13.8616,-13,-0.0125767
867,125,6,1.1164,419,0.524319,11303,13.8702,-16,-0.0162577
868,126,0,1.11768,407,0.509595,11309,13.8776,-28,-0.0309816
869,126,1,1.11897,398,0.498552,11340,13.9156,-31,-0.0346626
870,126,2,1.12026,408,0.510822,11383,13.9684,-36,-0.0407975
871,126,3,1.12154,384,0.481374,11397,13.9856,-33,-0.0371166
872,126,4,1.12283,344,0.432294,11406,13.9966,-37,-0.0420245
873,126,5,1.12412,337,0.423706,11456,14.058,-39,-0.0444785
874,126,6,1.1254,341,0.428613,11511,14.1254,-37,-0.0420245
875,126,7,1.12669,311,0.391804,11559,14.1843,-36,-0.0407975
876,127,0,1.12797,296,0.373399,11586,14.2175,-33,-0.0371166
877,127,1,1.12926,280,0.353767,11641,14.285,-35,-0.0395706
878,127,2,1.13055,252,0.319411,11698,14.3549,-34,-0.0383436
879,127,3,1.13183,240,0.304687,11730,14.3942,-25,-0.0273006
880,127,4,1.13312,223,0.283828,11770,14.4432,-25,-0.0273006
881,127,5,1.13441,204,0.260515,11814,14.4972,-23,-0.0248466
882,127,6,1.13569,191,0.244564,11867,14.5623,-33,-0.0371166
883,127,7,1.13698,221,0.281374,11894,14.5954,-33,-0.0371166
884,128,0,1.13826,242,0.307141,11937,14.6481,-41,-0.0469325
885,128,1,1.13955,271,0.342724,11982,14.7034,-44,-0.0506135
886,128,2,1.14084,290,0.366037,12035,14.7684,-34,-0.0383436
887,128,3,1.14212,278,0.351313,12073,14.815,-29,-0.0322086
888,128,4,1.14341,254,0.321865,12100,14.8481,-33,-0.0371166
889,128,5,1.14469,246,0.312049,12129,14.8837,-32,-0.0358896
890,128,6,1.14598,242,0.307141,12163,14.9254,-34,-0.0383436
891,129,0,1.14727,231,0.293644,12204,14.9758,-30,-0.0334356
892,129,1,1.14855,215,0.274012,12226,15.0027,-43,-0.0493865
893,129,2,1.14984,201,0.256834,12250,15.0322,-52,-0.0604294
894,129,3,1.15113,203,0.259288,12279,15.0678,-48,-0.0555215
895,129,4,1.15241,188,0.240883,12339,15.1414,-52,-0.0604294
896,129,5,1.1537,183,0.234748,12365,15.1733,-54,-0.0628834
897,129,6,1.15498,184,0.235975,12420,15.2408,-49,-0.0567485
898,129,7,1.15627,196,0.250699,12465,15.296,-46,-0.0530675
899,130,0,1.15756,213,0.271558,12502,15.3414,-41,-0.0469325
900,130,1,1.15884,225,0.286282,12531,15.377,-49,-0.0567485
901,130,2,1.16013,220,0.280147,12553,15.404,-50,-0.0579755
902,130,3,1.16141,198,0.253153,12587,15.4457,-65,-0.0763804
903,130,4,1.1627,180,0.231067,12613,15.4776,-73,-0.0861963
904,130,5,1.16399,157,0.202847,12650,15.523,-84,-0.0996933
905,130,6,1.16527,135,0.175853,12675,15.5537,-99,-0.118098
906,130,7,1.16656,139,0.180761,12717,15.6052,-108,-0.129141
907,131,0,1.16785,144,0.186896,12765,15.6641,-113,-0.135276
908,131,1,1.16913,171,0.220025,12800,15.707,-109,-0.130368
909,131,2,1.17042,197,0.251926,12832,15.7463,-97,-0.115644
910,131,3,1.1717,208,0.265423,12870,15.7929,-89,-0.105828
911,131,4,1.17299,187,0.239656,12909,15.8408,-91,-0.108282
912,131,5,1.17428,160,0.206528,12922,15.8567,-101,-0.120552
913,131,6,1.17556,151,0.195485,12952,15.8935,-118,-0.141411
914,131,7,1.17685,161,0.207755,12977,15.9242,-117,-0.140184
915,132,0,1.17814,177,0.227387,13016,15.9721,-108,-0.129141
916,132,1,1.17942,186,0.238429,13035,15.9954,-102,-0.121779
917,132,2,1.18071,177,0.227387,13049,16.0126,-110,-0.131595
918,132,3,1.18199,153,0.197939,13080,16.0506,-125,-0.15
919,132,4,1.18328,153,0.197939,13125,16.1058,-126,-0.151227
920,132,5,1.18457,170,0.218798,13166,16.1561,-119,-0.142638
921,132,6,1.18585,176,0.22616,13213,16.2138,-121,-0.145092
922,133,0,1.18714,162,0.208982,13251,16.2604,-130,-0.156135
923,133,1,1.18842,155,0.200393,13285,16.3021,-143,-0.172086
924,133,2,1.18971,148,0.191804,13314,16.3377,-152,-0.183129
925,133,3,1.191,141,0.183215,13346,16.377,-165,-0.19908
926,133,4,1.19228,144,0.186896,13379,16.4175,-172,-0.207669
927,133,5,1.19357,149,0.193031,13413,16.4592,-179,-0.216258
928,133,6,1.19486,139,0.180761,13442,16.4948,-194,-0.234663
929,133,7,1.19614,118,0.154994,13475,16.5353,-196,-0.237117
930,134,0,1.19743,121,0.158675,13512,16.5807,-194,-0.234663
931,134,1,1.19871,140,0.181988,13548,16.6248,-171,-0.206442
932,134,2,1.2,147,0.190577,13593,16.68,-171,-0.206442
933,134,3,1.20129,131,0.170945,13628,16.723,-186,-0.224847
934,134,4,1.20257,110,0.145178,13659,16.761,-216,-0.261656
935,134,5,1.20386,111,0.146405,13670,16.7745,-236,-0.286196
936,134,6,1.20514,133,0.173399,13705,16.8175,-215,-0.260429
937,134,7,1.20643,170,0.218798,13759,16.8837,-159,-0.191718
938,135,0,1.20772,170,0.218798,13777,16.9058,-98,-0.116871
939,135,1,1.209,142,0.184442,13756,16.88,-40,-0.0457055
940,135,2,1.21029,125,0.163583,13789,16.9205,-18,-0.0187117
941,135,3,1.21158,140,0.181988,13843,16.9868,-27,-0.0297546
942,135,4,1.21286,148,0.191804,13867,17.0162,-63,-0.0739264
943,135,5,1.21415,157,0.202847,13877,17.0285,-130,-0.156135
944,135,6,1.21543,157,0.202847,13932,17.096,-186,-0.224847
945,136,0,1.21672,163,0.210209,14014,17.1966,-207,-0.250614
946,136,1,1.21801,163,0.210209,14052,17.2432,-196,-0.237117
947,136,2,1.21929,153,0.197939,14062,17.2555,-172,-0.207669
948,136,3,1.22058,155,0.200393,14111,17.3156,-152,-0.183129
949,136,4,1.22186,159,0.205301,14174,17.3929,-142,-0.170859
950,136,5,1.22315,167,0.215117,14207,17.4334,-138,-0.165951
951,136,6,1.22444,164,0.211436,14205,17.431,-138,-0.165951
952,136,7,1.22572,156,0.20162,14235,17.4678,-136,-0.163497
953,137,0,1.22701,156,0.20162,14307,17.5561,-125,-0.15
954,137,1,1.2283,169,0.217571,14355,17.615,-116,-0.138957
955,137,2,1.22958,179,0.22984,14351,17.6101,-134,-0.161043
956,137,3,1.23087,168,0.216344,14397,17.6666,-164,-0.197853
957,137,4,1.23215,164,0.211436,14471,17.7573,-162,-0.195399
958,137,5,1.23344,181,0.232294,14503,17.7966,-146,-0.175767
959,137,6,1.23473,172,0.221252,14513,17.8089,-134,-0.161043
960,137,7,1.23601,166,0.21389,14553,17.858,-124,-0.148773
961,138,0,1.2373,164,0.211436,14602,17.9181,-121,-0.145092
962,138,1,1.23859,161,0.207755,14632,17.9549,-134,-0.161043
963,138,2,1.23987,156,0.20162,14657,17.9856,-144,-0.173313
964,138,3,1.24116,147,0.190577,14707,18.0469,-111,-0.132822
965,138,4,1.24244,131,0.170945,14749,18.0985,-69,-0.0812883
966,138,5,1.24373,105,0.139043,14795,18.1549,-33,-0.0371166
967,138,6,1.24502,110,0.145178,14848,18.2199,-22,-0.0236196
968,139,0,1.2463,134,0.174626,14910,18.296,-39,-0.0444785
969,139,1,1.24759,153,0.197939,14927,18.3169,-52,-0.0604294
970,139,2,1.24887,149,0.193031,14941,18.334,-61,-0.0714724
971,139,3,1.25016,122,0.159902,14970,18.3696,-46,-0.0530675
972,139,4,1.25145,102,0.135362,14993,18.3978,-28,-0.0309816
973,139,5,1.25273,89,0.119411,15011,18.4199,-15,-0.0150307
974,139,6,1.25402,97,0.129227,15041,18.4567,-10,-0.00889571
975,139,7,1.25531,101,0.134135,15088,18.5144,-13,-0.0125767
976,140,0,1.25659,98,0.130454,15119,18.5524,-15,-0.0150307
977,140,1,1.25788,83,0.112049,15122,18.5561,-23,-0.0248466
978,140,2,1.25916,67,0.0924172,15166,18.6101,-17,-0.0174847
979,140,3,1.26045,42,0.0617423,15214,18.669,6,0.0107362
980,140,4,1.26174,30,0.0470184,15257,18.7218,13,0.0193252
981,140,5,1.26302,16,0.0298405,15273,18.7414,29,0.0389571
982,140,6,1.26431,16,0.0298405,15317,18.7954,37,0.048773
983,140,7,1.26559,26,0.0421104,15365,18.8543,36,0.047546
984,141,0,1.26688,31,0.0482454,15401,18.8985,25,0.0340491
985,141,1,1.26817,43,0.0629693,15408,18.907,12,0.0180982
986,141,2,1.26945,58,0.0813742,15447,18.9549,-3,-0.000306748
987,141,3,1.27074,93,0.124319,15468,18.9807,-17,-0.0174847
988,141,4,1.27203,77,0.104687,15499,19.0187,-30,-0.0334356
989,141,5,1.27331,33,0.0506994,15507,19.0285,-24,-0.0260736
990,141,6,1.2746,-8,0.000392638,15545,19.0751,-10,-0.00889571
991,142,0,1.27588,-48,-0.0486871,15571,19.107,-1,0.00214724
992,142,1,1.27717,-68,-0.073227,15580,19.1181,-1,0.00214724
993,142,2,1.27846,-58,-0.0609571,15596,19.1377,-11,-0.0101227
994,142,3,1.27974,-2,0.0077546,15645,19.1978,-9,-0.00766871
995,142,4,1.28103,55,0.0776933,15683,19.2445,-10,-0.00889571
996,142,5,1.28232,121,0.158675,15721,19.2911,-12,-0.0113497
997,142,6,1.2836,155,0.200393,15774,19.3561,-10,-0.00889571
998,142,7,1.28489,163,0.210209,15828,19.4224,-13,-0.0125767
999,143,0,1.28617,143,0.185669,15872,19.4764,-12,-0.0113497
1000,143,1,1.28746,137,0.178307,15885,19.4923,-12,-0.0113497
1001,143,2,1.28875,154,0.199166,15923,19.5389,-15,-0.0150307
1002,143,3,1.29003,165,0.212663,15981,19.6101,-17,-0.0174847
1003,143,4,1.29132,166,0.21389,16037,19.6788,-18,-0.0187117
1004,143,5,1.2926,164,0.211436,16078,19.7291,-20,-0.0211656
1005,143,6,1.29389,162,0.208982,16104,19.761,-22,-0.0236196
1006,143,7,1.29518,160,0.206528,16154,19.8224,-21,-0.0223926
1007,144,0,1.29646,153,0.197939,16200,19.8788,-29,-0.0322086
1008,144,1,1.29775,167,0.215117,16221,19.9046,-35,-0.0395706
1009,144,2,1.29904,178,0.228613,16248,19.9377,-40,-0.0457055
1010,144,3,1.30032,186,0.238429,16279,19.9758,-49,-0.0567485
1011,144,4,1.30161,194,0.248245,16301,20.0027,-46,-0.0530675
1012,144,5,1.30289,189,0.24211,16307,20.0101,-48,-0.0555215
1013,144,6,1.30418,149,0.193031,16340,20.0506,-48,-0.0555215
1014,144,7,1.30547,81,0.109595,16388,20.1095,-50,-0.0579755
1015,145,0,1.30675,17,0.0310675,16430,20.161,-52,-0.0604294
1016,145,1,1.30804,2,0.0126626,16438,20.1708,-57,-0.0665644
1017,145,2,1.30932,54,0.0764663,16432,20.1635,-60,-0.0702454
1018,145,3,1.31061,142,0.184442,16482,20.2248,-55,-0.0641104
1019,145,4,1.3119,236,0.299779,16544,20.3009,-48,-0.0555215
1020,145,5,1.31318,269,0.34027,16582,20.3475,-48,-0.0555215
1021,145,6,1.31447,263,0.332908,16605,20.3758,-40,-0.0457055
1022,146,0,1.31576,238,0.302233,16657,20.4396,-34,-0.0383436
1023,146,1,1.31704,220,0.280147,16718,20.5144,-33,-0.0371166
1024,146,2,1.31833,215,0.274012,16732,20.5316,-25,-0.0273006
1025,146,3,1.31961,221,0.281374,16751,20.5549,-27,-0.0297546
1026,146,4,1.3209,244,0.309595,16773,20.5819,-25,-0.0273006
1027,146,5,1.32219,252,0.319411,16819,20.6383,-11,-0.0101227
1028,146,6,1.32347,240,0.304687,16899,20.7365,-4,-0.00153374
1029,146,7,1.32476,229,0.29119,16968,20.8212,-4,-0.00153374
1030,147,0,1.32605,218,0.277693,17019,20.8837,1,0.00460123
1031,147,1,1.32733,230,0.292417,17029,20.896,11,0.0168712
1032,147,2,1.32862,241,0.305914,17017,20.8813,14,0.0205521
1033,147,3,1.3299,231,0.293644,17053,20.9254,4,0.00828221
1034,147,4,1.33119,221,0.281374,17093,20.9745,-2,0.000920245
1035,147,5,1.33248,231,0.293644,17123,21.0113,-23,-0.0248466
1036,147,6,1.33376,244,0.309595,17127,21.0162,-17,-0.0174847
1037,147,7,1.33505,264,0.334135,17170,21.069,4,0.00828221
1038,148,0,1.33633,325,0.408982,17227,21.1389,31,0.041411
1039,148,1,1.33762,397,0.497325,17266,21.1868,78,0.0990798
1040,148,2,1.33891,428,0.535362,17304,21.2334,110,0.138344
1041,148,3,1.34019,422,0.528,17363,21.3058,120,0.150614
1042,148,4,1.34148,374,0.469104,17428,21.3856,83,0.105215
1043,148,5,1.34277,285,0.359902,17452,21.415,36,0.047546
1044,148,6,1.34405,203,0.259288,17459,21.4236,-9,-0.00766871
1045,149,0,1.34534,171,0.220025,17492,21.4641,-37,-0.0420245
1046,149,1,1.34662,178,0.228613,17506,21.4813,-40,-0.0457055
1047,149,2,1.34791,214,0.272785,17498,21.4715,-7,-0.00521472
1048,149,3,1.3492,243,0.308368,17509,21.485,33,0.043865
1049,149,4,1.35048,292,0.368491,17560,21.5475,90,0.113804
1050,149,5,1.35177,317,0.399166,17661,21.6715,115,0.144479
1051,149,6,1.35305,304,0.383215,17759,21.7917,135,0.169018
1052,149,7,1.35434,299,0.37708,17765,21.7991,140,0.175153
1053,150,0,1.35563,302,0.380761,17745,21.7745,140,0.175153
1054,150,1,1.35691,295,0.372172,17749,21.7794,149,0.186196
1055,150,2,1.3582,293,0.369718,17781,21.8187,145,0.181288
1056,150,3,1.35949,295,0.372172,17823,21.8702,134,0.167791
1057,150,4,1.36077,298,0.375853,17868,21.9254,121,0.15184
1058,150,5,1.36206,310,0.390577,17887,21.9488,129,0.161656
1059,150,6,1.36334,313,0.394258,17907,21.9733,151,0.18865
1060,150,7,1.36463,304,0.383215,17897,21.961,157,0.196012
1061,151,0,1.36592,296,0.373399,17928,21.9991,141,0.17638
1062,151,1,1.3672,293,0.369718,17977,22.0592,82,0.103988
1063,151,2,1.36849,294,0.370945,18052,22.1512,13,0.0193252
1064,151,3,1.36977,314,0.395485,18105,22.2162,-27,-0.0297546
1065,151,4,1.37106,305,0.384442,18106,22.2175,-15,-0.0150307
1066,151,5,1.37235,299,0.37708,18104,22.215,22,0.0303681
1067,151,6,1.37363,308,0.388123,18142,22.2616,48,0.0622699
1068,152,0,1.37492,322,0.405301,18201,22.334,36,0.047546
1069,152,1,1.37621,331,0.416344,18221,22.3586,20,0.0279141
1070,152,2,1.37749,322,0.405301,18215,22.3512,2,0.00582822
1071,152,3,1.37878,324,0.407755,18252,22.3966,-6,-0.00398773
1072,152,4,1.38006,323,0.406528,18305,22.4616,-14,-0.0138037
1073,152,5,1.38135,344,0.432294,18340,22.5046,-28,-0.0309816
1074,152,6,1.38264,355,0.445791,18361,22.5304,-45,-0.0518405
1075,152,7,1.38392,353,0.443337,18399,22.577,-53,-0.0616564
1076,153,0,1.38521,346,0.434748,18465,22.658,-54,-0.0628834
1077,153,1,1.3865,358,0.449472,18498,22.6985,-66,-0.0776074
1078,153,2,1.38778,370,0.464196,18521,22.7267,-84,-0.0996933
1079,153,3,1.38907,368,0.461742,18539,22.7488,-97,-0.115644
1080,153,4,1.39035,362,0.45438,18565,22.7807,-101,-0.120552
1081,153,5,1.39164,354,0.444564,18586,22.8064,-90,-0.107055
1082,153,6,1.39293,325,0.408982,18598,22.8212,-60,-0.0702454
1083,153,7,1.39421,313,0.394258,18619,22.8469,-21,-0.0223926
1084,154,0,1.3955,294,0.370945,18654,22.8899,32,0.042638
1085,154,1,1.39678,250,0.316957,18685,22.9279,86,0.108896
1086,154,2,1.39807,196,0.250699,18697,22.9426,137,0.171472
1087,154,3,1.39936,167,0.215117,18729,22.9819,165,0.205828
1088,154,4,1.40064,177,0.227387,18777,23.0408,158,0.197239
1089,154,5,1.40193,205,0.261742,18822,23.096,119,0.149387
1090,154,6,1.40322,238,0.302233,18868,23.1524,60,0.0769939
1091,154,7,1.4045,283,0.357448,18913,23.2077,30,0.0401841
1092,155,0,1.40579,319,0.40162,18969,23.2764,12,0.0180982
1093,155,1,1.40707,343,0.431067,19000,23.3144,8,0.0131902
1094,155,2,1.40836,372,0.46665,19080,23.4126,-8,-0.00644172
1095,155,3,1.40965,407,0.509595,19120,23.4616,-29,-0.0322086
1096,155,4,1.41093,423,0.529227,19155,23.5046,-37,-0.0420245
1097,155,5,1.41222,434,0.542724,19167,23.5193,-33,-0.0371166
1098,155,6,1.4135,433,0.541497,19214,23.577,-40,-0.0457055
1099,156,0,1.41479,425,0.531681,19244,23.6138,-32,-0.0358896
1100,156,1,1.41608,417,0.521865,19312,23.6972,-34,-0.0383436
1101,156,2,1.41736,423,0.529227,19346,23.7389,-32,-0.0358896
1102,156,3,1.41865,436,0.545178,19381,23.7819,-41,-0.0469325
1103,156,4,1.41994,436,0.545178,19395,23.7991,-40,-0.0457055
1104,156,5,1.42122,432,0.54027,19454,23.8715,-24,-0.0260736
1105,156,6,1.42251,404,0.505914,19504,23.9328,-17,-0.0174847
1106,156,7,1.42379,376,0.471558,19552,23.9917,2,0.00582822
1107,157,0,1.42508,371,0.465423,19566,24.0089,21,0.0291411
1108,157,1,1.42637,393,0.492417,19614,24.0678,23,0.0315951
1109,157,2,1.42765,459,0.573399,19657,24.1205,13,0.0193252
1110,157,3,1.42894,521,0.649472,19680,24.1488,1,0.00460123
1111,157,4,1.43023,571,0.710822,19695,24.1672,-12,-0.0113497
1112,157,5,1.43151,598,0.743951,19707,24.1819,-28,-0.0309816
1113,157,6,1.4328,644,0.800393,19719,24.1966,-33,-0.0371166
1114,157,7,1.43408,724,0.898552,19732,24.2126,-23,-0.0248466
1115,158,0,1.43537,766,0.950086,19710,24.1856,-31,-0.0346626
1116,158,1,1.43666,673,0.835975,19713,24.1893,-35,-0.0395706
1117,158,2,1.43794,658,0.817571,19764,24.2518,-35,-0.0395706
1118,158,3,1.43923,695,0.862969,19827,24.3291,-31,-0.0346626
1119,158,4,1.44051,626,0.778307,19801,24.2972,-32,-0.0358896
1120,158,5,1.4418,563,0.701006,19812,24.3107,-33,-0.0371166
1121,158,6,1.44309,515,0.64211,19873,24.3856,-36,-0.0407975
1122,159,0,1.44437,404,0.505914,19909,24.4297,-57,-0.0665644
1123,159,1,1.44566,321,0.404074,19874,24.3868,-75,-0.0886503
1124,159,2,1.44695,336,0.422479,19935,24.4616,-73,-0.0861963
1125,159,3,1.44823,365,0.458061,20002,24.5439,-53,-0.0616564
1126,159,4,1.44952,401,0.502233,20065,24.6212,-18,-0.0187117
1127,159,5,1.4508,437,0.546405,20115,24.6825,-7,-0.00521472
1128,159,6,1.45209,407,0.509595,20189,24.7733,-22,-0.0236196
1129,159,7,1.45338,356,0.447018,20243,24.8396,-34,-0.0383436
1130,160,0,1.45466,349,0.438429,20307,24.9181,-38,-0.0432515
1131,160,1,1.45595,344,0.432294,20333,24.95,-38,-0.0432515
1132,160,2,1.45723,310,0.390577,20396,25.0273,-67,-0.0788344
1133,160,3,1.45852,279,0.35254,20420,25.0567,-90,-0.107055
1134,160,4,1.45981,292,0.368491,20421,25.058,-96,-0.114417
1135,160,5,1.46109,318,0.400393,20462,25.1083,-99,-0.118098
1136,160,6,1.46238,335,0.421252,20484,25.1353,-98,-0.116871
1137,160,7,1.46367,335,0.421252,20512,25.1696,-97,-0.115644
1138,161,0,1.46495,307,0.386896,20522,25.1819,-100,-0.119325
1139,161,1,1.46624,256,0.324319,20555,25.2224,-112,-0.134049
1140,161,2,1.46752,259,0.328,20647,25.3353,-125,-0.15
1141,161,3,1.46881,267,0.337816,20730,25.4371,-124,-0.148773
1142,161,4,1.4701,255,0.323092,20743,25.4531,-132,-0.158589
1143,161,5,1.47138,242,0.307141,20748,25.4592,-147,-0.176994
1144,161,6,1.47267,247,0.313276,20796,25.5181,-149,-0.179448
1145,162,0,1.47395,241,0.305914,21017,25.7893,-305,-0.370859
1146,162,1,1.47524,259,0.328,21031,25.8064,-329,-0.400307
1147,162,2,1.47653,274,0.346405,21067,25.8506,-328,-0.39908
1148,162,3,1.47781,273,0.345178,21102,25.8935,-299,-0.363497
1149,162,4,1.4791,276,0.348859,21116,25.9107,-281,-0.341411
1150,162,5,1.48039,294,0.370945,21117,25.912,-271,-0.329141
1151,162,6,1.48167,311,0.391804,21157,25.961,-248,-0.30092
1152,162,7,1.48296,330,0.415117,21173,25.9807,-237,-0.287423
1153,163,0,1.48424,241,0.305914,21017,25.7893,-305,-0.370859
1154,163,1,1.48553,259,0.328,21031,25.8064,-329,-0.400307
1155,163,2,1.48682,274,0.346405,21067,25.8506,-328,-0.39908
1156,163,3,1.4881,273,0.345178,21102,25.8935,-299,-0.363497
1157,163,4,1.48939,276,0.348859,21116,25.9107,-281,-0.341411
1158,163,5,1.49068,294,0.370945,21117,25.912,-271,-0.329141
1159,163,6,1.49196,311,0.391804,21157,25.961,-248,-0.30092
1160,163,7,1.49325,330,0.415117,21173,25.9807,-237,-0.287423
1161,164,0,1.49453,422,0.528,21293,26.1279,-208,-0.251841
1162,164,1,1.49582,430,0.537816,21268,26.0972,-197,-0.238344
1163,164,2,1.49711,431,0.539043,21323,26.1647,-164,-0.197853
1164,164,3,1.49839,446,0.557448,21386,26.242,-119,-0.142638
1165,164,4,1.49968,456,0.569718,21357,26.2064,-103,-0.123006
1166,164,5,1.50096,459,0.573399,21275,26.1058,-127,-0.152454
1167,164,6,1.50225,289,0.36481,21176,25.9843,-171,-0.206442
1168,164,7,1.50354,-18,-0.0118773,20971,25.7328,-235,-0.284969
1169,165,0,1.50482,422,0.528,21293,26.1279,-208,-0.251841
1170,165,1,1.50611,430,0.537816,21268,26.0972,-197,-0.238344
1171,165,2,1.5074,431,0.539043,21323,26.1647,-164,-0.197853
1172,165,3,1.50868,446,0.557448,21386,26.242,-119,-0.142638
1173,165,4,1.50997,456,0.569718,21357,26.2064,-103,-0.123006
1174,165,5,1.51125,459,0.573399,21275,26.1058,-127,-0.152454
1175,165,6,1.51254,289,0.36481,21176,25.9843,-171,-0.206442
1176,165,7,1.51383,-18,-0.0118773,20971,25.7328,-235,-0.284969
1177,166,0,1.51511,-317,-0.378748,20627,25.3107,-277,-0.336503
1178,166,1,1.5164,-580,-0.701448,20286,24.8923,-296,-0.359816
1179,166,2,1.51768,-612,-0.740712,19777,24.2678,-278,-0.33773
1180,166,3,1.51897,-315,-0.376294,19127,23.4702,-180,-0.217485
1181,166,4,1.52026,257,0.325546,18692,22.9365,-91,-0.108282
1182,166,5,1.52154,1131,1.39794,18200,22.3328,-207,-0.250614
1183,166,6,1.52283,2051,2.52677,17289,21.215,-300,-0.364724
1184,166,7,1.52412,2647,3.25806,16483,20.2261,-223,-0.270245
1185,167,0,1.5254,3139,3.86174,16053,19.6985,-263,-0.319325
1186,167,1,1.52669,3758,4.62125,15458,18.9684,-373,-0.454294
1187,167,2,1.52797,4288,5.27156,14891,18.2727,-511,-0.62362
1188,167,3,1.52926,4752,5.84088,14368,17.631,-598,-0.730368
1189,167,4,1.53055,5056,6.21389,14006,17.1868,-630,-0.769632
1190,167,5,1.53183,5260,6.4642,13599,16.6874,-625,-0.763497
1191,167,6,1.53312,5336,6.55745,13051,16.015,-598,-0.730368
1192,167,7,1.53441,5319,6.53659,12704,15.5893,-589,-0.719325
1193,168,0,1.53569,5276,6.48383,12389,15.2027,-610,-0.745092
1194,168,1,1.53698,5224,6.42002,12013,14.7414,-643,-0.785583
1195,168,2,1.53826,5169,6.35254,11636,14.2788,-685,-0.837117
1196,168,3,1.53955,5078,6.24088,11414,14.0064,-767,-0.93773
1197,168,4,1.54084,4976,6.11573,11178,13.7169,-838,-1.02485
1198,168,5,1.54212,4841,5.95009,10842,13.3046,-899,-1.09969
1199,168,6,1.54341,4687,5.76113,10529,12.9205,-949,-1.16104
1200,169,0,1.54469,4533,5.57217,10347,12.6972,-1009,-1.23466
1201,169,1,1.54598,4402,5.41144,10160,12.4678,-1060,-1.29724
1202,169,2,1.54727,4248,5.22248,9909,12.1598,-1103,-1.35
1203,169,3,1.54855,4069,5.00285,9683,11.8825,-1154,-1.41258
1204,169,4,1.54984,3918,4.81757,9534,11.6997,-1208,-1.47883
1205,169,5,1.55113,3775,4.64211,9389,11.5218,-1265,-1.54877
1206,169,6,1.55241,3632,4.46665,9193,11.2813,-1326,-1.62362
1207,169,7,1.5537,3482,4.2826,9016,11.0641,-1392,-1.7046
1208,170,0,1.55498,3332,4.09855,8905,10.9279,-1457,-1.78436
1209,170,1,1.55627,3170,3.89978,8801,10.8003,-1504,-1.84202
1210,170,2,1.55756,2990,3.67892,8670,10.6396,-1546,-1.89356
1211,170,3,1.55884,2817,3.46665,8563,10.5083,-1588,-1.94509
1212,170,4,1.56013,2730,3.3599,8522,10.458,-1634,-2.00153
1213,170,5,1.56141,2661,3.27524,8430,10.3451,-1675,-2.05184
1214,170,6,1.5627,2546,3.13414,8330,10.2224,-1717,-2.10337
1215,170,7,1.56399,2365,2.91205,8292,10.1758,-1750,-2.14387
1216,171,0,1.56527,2205,2.71573,8293,10.177,-1778,-2.17822
1217,171,1,1.56656,2120,2.61144,8238,10.1095,-1797,-2.20153
1218,171,2,1.56785,2050,2.52555,8172,10.0285,-1824,-2.23466
1219,171,3,1.56913,1977,2.43598,8176,10.0334,-1848,-2.26411
1220,171,4,1.57042,1938,2.38812,8215,10.0813,-1877,-2.29969
1221,171,5,1.5717,1961,2.41634,8217,10.0837,-1907,-2.3365
1222,171,6,1.57299,1981,2.44088,8192,10.0531,-1938,-2.37454
1223,172,0,1.57428,1935,2.38444,8185,10.0445,-1965,-2.40767
1224,172,1,1.57556,1889,2.328,8195,10.0567,-2005,-2.45675
1225,172,2,1.57685,1878,2.3145,8155,10.0077,-2018,-2.4727
1226,172,3,1.57814,1875,2.31082,8112,9.9549,-2036,-2.49479
1227,172,4,1.57942,1848,2.27769,8071,9.90459,-2049,-2.51074
1228,172,5,1.58071,1820,2.24334,8037,9.86287,-2063,-2.52791
1229,172,6,1.58199,1800,2.2188,7975,9.7868,-2072,-2.53896
1230,172,7,1.58328,1765,2.17585,7911,9.70827,-2082,-2.55123
1231,173,0,1.58457,1739,2.14395,7890,9.6825,-2097,-2.56963
1232,173,1,1.58585,1738,2.14272,7862,9.64815,-2099,-2.57209
1233,173,2,1.58714,1565,1.93045,7787,9.55612,-2027,-2.48374
1234,173,3,1.58842,1168,1.44334,7644,9.38066,-1871,-2.29233
1235,173,4,1.58971,715,0.887509,7396,9.07637,-1682,-2.06043
1236,173,5,1.591,423,0.529227,7314,8.97575,-1603,-1.9635
1237,173,6,1.59228,178,0.228613,7258,8.90704,-1551,-1.89969
1238,173,7,1.59357,21,0.0359755,7245,8.89109,-1532,-1.87638
1239,174,0,1.59486,-62,-0.065865,7226,8.86778,-1561,-1.91196
1240,174,1,1.59614,-65,-0.069546,7144,8.76717,-1601,-1.96104
1241,174,2,1.59743,10,0.0224785,7048,8.64937,-1619,-1.98313
1242,174,3,1.59871,-18,-0.0118773,7030,8.62729,-1612,-1.97454
1243,174,4,1.6,-76,-0.0830429,7034,8.6322,-1609,-1.97086
1244,174,5,1.60129,-128,-0.146847,6946,8.52422,-1591,-1.94877
1245,174,6,1.60257,-103,-0.116172,6902,8.47023,-1587,-1.94387
1246,175,0,1.60386,-107,-0.12108,6872,8.43342,-1589,-1.94632
1247,175,1,1.60514,-120,-0.137031,6846,8.40152,-1587,-1.94387
1248,175,2,1.60643,-116,-0.132123,6823,8.3733,-1593,-1.95123
1249,175,3,1.60772,-123,-0.140712,6760,8.296,-1597,-1.95613
1250,175,4,1.609,-251,-0.297767,6666,8.18066,-1586,-1.94264
1251,175,5,1.61029,-382,-0.458503,6577,8.07146,-1566,-1.9181
1252,175,6,1.61158,-374,-0.448687,6536,8.02115,-1541,-1.88742
1253,175,7,1.61286,-371,-0.445006,6497,7.9733,-1539,-1.88497
1254,176,0,1.61415,-480,-0.578748,6407,7.86287,-1539,-1.88497
1255,176,1,1.61543,-637,-0.771387,6323,7.7598,-1524,-1.86656
1256,176,2,1.61672,-789,-0.95789,6277,7.70336,-1517,-1.85798
1257,176,3,1.61801,-861,-1.04623,6189,7.59539,-1503,-1.8408
1258,176,4,1.61929,-838,-1.01801,6051,7.42606,-1492,-1.8273
1259,176,5,1.62058,-861,-1.04623,6042,7.41502,-1501,-1.83834
1260,176,6,1.62186,-957,-1.16402,6012,7.37821,-1501,-1.83834
1261,176,7,1.62315,-1059,-1.28918,5996,7.35858,-1506,-1.84448
1262,177,0,1.62444,-1064,-1.29531,5941,7.29109,-1509,-1.84816
1263,177,1,1.62572,-1036,-1.26096,5853,7.18312,-1517,-1.85798
1264,177,2,1.62701,-1038,-1.26341,5801,7.11931,-1526,-1.86902
1265,177,3,1.6283,-1061,-1.29163,5827,7.15121,-1526,-1.86902
1266,177,4,1.62958,-1081,-1.31617,5799,7.11686,-1527,-1.87025
1267,177,5,1.63087,-1149,-1.39961,5700,6.99539,-1532,-1.87638
1268,177,6,1.63215,-1231,-1.50022,5587,6.85674,-1536,-1.88129
1269,177,7,1.63344,-1283,-1.56402,5556,6.8187,-1525,-1.86779
1270,178,0,1.63473,-1295,-1.57875,5492,6.74017,-1505,-1.84325
1271,178,1,1.63601,-1325,-1.61556,5413,6.64324,-1477,-1.8089
1272,178,2,1.6373,-1346,-1.64133,5299,6.50336,-1443,-1.76718
1273,178,3,1.63859,-1370,-1.67077,5194,6.37453,-1389,-1.70092
1274,178,4,1.63987,-1371,-1.672,5104,6.2641,-1320,-1.61626
1275,178,5,1.64116,-1348,-1.64378,4974,6.10459,-1214,-1.4862
1276,178,6,1.64244,-1298,-1.58243,4796,5.88618,-1086,-1.32914
1277,179,0,1.64373,-1236,-1.50636,4688,5.75367,-925,-1.1316
1278,179,1,1.64502,-1182,-1.4401,4600,5.64569,-748,-0.914417
1279,179,2,1.6463,-1100,-1.33948,4440,5.44937,-550,-0.671472
1280,179,3,1.64759,-1001,-1.21801,4229,5.19048,-349,-0.424847
1281,179,4,1.64887,-917,-1.11494,4034,4.95121,-157,-0.189264
1282,179,5,1.65016,-851,-1.03396,3851,4.72668,19,0.0266871
1283,179,6,1.65145,-801,-0.972614,3637,4.4641,178,0.221779
1284,179,7,1.65273,-764,-0.927215,3405,4.17944,298,0.369018
1285,180,0,1.65402,-739,-0.89654,3216,3.94753,409,0.505215
1286,180,1,1.65531,-730,-0.885497,3039,3.73036,480,0.592331
1287,180,2,1.65659,-723,-0.876908,2859,3.5095,544,0.670859
1288,180,3,1.65788,-721,-0.874454,2700,3.3144,586,0.722393
1289,180,4,1.65916,-748,-0.907583,2578,3.16471,609,0.750614
1290,180,5,1.66045,-780,-0.946847,2478,3.04201,618,0.761656
1291,180,6,1.66174,-813,-0.987337,2389,2.93281,613,0.755521
1292,180,7,1.66302,-845,-1.0266,2291,2.81256,604,0.744479
1293,181,0,1.66431,-880,-1.06955,2203,2.70459,588,0.724847
1294,181,1,1.66559,-916,-1.11372,2124,2.60766,574,0.707669
1295,181,2,1.66688,-942,-1.14562,2031,2.49355,556,0.685583
1296,181,3,1.66817,-990,-1.20452,1942,2.38434,526,0.648773
1297,181,4,1.66945,-1043,-1.26955,1866,2.29109,513,0.632822
1298,181,5,1.67074,-1077,-1.31126,1782,2.18802,496,0.611963
1299,181,6,1.67203,-1119,-1.3628,1689,2.07391,460,0.567791
1300,182,0,1.67331,-1174,-1.43028,1593,1.95612,431,0.532209
1301,182,1,1.6746,-1231,-1.50022,1510,1.85428,401,0.495399
1302,182,2,1.67588,-1288,-1.57016,1424,1.74876,377,0.465951
1303,182,3,1.67717,-1343,-1.63764,1335,1.63956,339,0.419325
1304,182,4,1.67846,-1395,-1.70145,1248,1.53281,304,0.37638
1305,182,5,1.67974,-1449,-1.76771,1163,1.42852,267,0.330982
1306,182,6,1.68103,-1513,-1.84623,1087,1.33526,234,0.290491
1307,182,7,1.68232,-1580,-1.92844,1011,1.24201,199,0.247546
1308,183,0,1.6836,-1630,-1.98979,940,1.1549,165,0.205828
1309,183,1,1.68489,-1680,-2.05114,882,1.08373,133,0.166564
1310,183,2,1.68617,-1723,-2.1039,825,1.01379,103,0.129755
1311,183,3,1.68746,-1760,-2.1493,774,0.951215,70,0.0892638
1312,183,4,1.68875,-1803,-2.20206,734,0.902135,50,0.0647239
1313,183,5,1.69003,-1844,-2.25237,702,0.862871,27,0.0365031
1314,183,6,1.69132,-1857,-2.26832,661,0.812564,8,0.0131902
1315,183,7,1.6926,-1876,-2.29163,628,0.772074,-7,-0.00521472
1316,184,0,1.69389,-1903,-2.32476,600,0.737718,-34,-0.0383436
1317,184,1,1.69518,-1929,-2.35666,568,0.698454,-57,-0.0665644
1318,184,2,1.69646,-1956,-2.38979,538,0.661644,-76,-0.0898773
1319,184,3,1.69775,-1989,-2.43028,505,0.621153,-101,-0.120552
1320,184,4,1.69904,-2025,-2.47445,487,0.599068,-106,-0.126687
1321,184,5,1.70032,-2048,-2.50267,458,0.563485,-120,-0.143865
1322,184,6,1.70161,-2072,-2.53212,440,0.541399,-118,-0.141411
1323,185,0,1.70289,-2104,-2.57139,417,0.513178,-122,-0.146319
1324,185,1,1.70418,-2131,-2.60452,394,0.484957,-134,-0.161043
1325,185,2,1.70547,-2159,-2.63887,381,0.469006,-137,-0.164724
1326,185,3,1.70675,-2183,-2.66832,367,0.451828,-138,-0.165951
1327,185,4,1.70804,-2207,-2.69777,338,0.416245,-127,-0.152454
1328,185,5,1.70932,-2231,-2.72721,321,0.395387,-121,-0.145092
1329,185,6,1.71061,-2262,-2.76525,307,0.378209,-106,-0.126687
1330,185,7,1.7119,-2284,-2.79225,275,0.338945,-88,-0.104601
1331,186,0,1.71318,-2306,-2.81924,256,0.315632,-66,-0.0776074
1332,186,1,1.71447,-2324,-2.84133,237,0.292319,-42,-0.0481595
1333,186,2,1.71576,-2343,-2.86464,218,0.269006,-15,-0.0150307
1334,186,3,1.71704,-2362,-2.88795,197,0.243239,8,0.0131902
1335,186,4,1.71833,-2403,-2.93826,171,0.211337,37,0.048773
1336,186,5,1.71961,-2430,-2.97139,177,0.218699,56,0.0720859
1337,186,6,1.7209,-2453,-2.99961,158,0.195386,78,0.0990798
1338,186,7,1.72219,-2498,-3.05482,137,0.16962,90,0.113804
1339,187,0,1.72347,-2544,-3.11126,111,0.137718,102,0.128528
1340,187,1,1.72476,-2569,-3.14194,109,0.135264,113,0.142025
1341,187,2,1.72605,-2580,-3.15544,100,0.124221,118,0.14816
1342,187,3,1.72733,-2604,-3.18488,76,0.094773,123,0.154294
1343,187,4,1.72862,-2661,-3.25482,48,0.0604172,115,0.144479
1344,187,5,1.7299,-2718,-3.32476,59,0.0739141,102,0.128528
1345,187,6,1.73119,-2730,-3.33948,62,0.0775951,99,0.124847
1346,188,0,1.73248,-2749,-3.3628,36,0.0456933,93,0.117485
1347,188,1,1.73376,-2799,-3.42415,30,0.0383313,77,0.0978528
1348,188,2,1.73505,-2839,-3.47323,40,0.0506012,52,0.0671779
1349,188,3,1.73633,-2832,-3.46464,38,0.0481472,23,0.0315951
1350,188,4,1.73762,-2824,-3.45482,30,0.0383313,-7,-0.00521472
1351,188,5,1.73891,-2862,-3.50145,26,0.0334233,-42,-0.0481595
1352,188,6,1.74019,-2917,-3.56893,43,0.0542822,-81,-0.0960123
1353,188,7,1.74148,-2924,-3.57752,42,0.0530552,-117,-0.140184
1354,189,0,1.74277,-2924,-3.57752,17,0.0223804,-150,-0.180675
1355,189,1,1.74405,-2959,-3.62047,6,0.00888344,-182,-0.219939
1356,189,2,1.74534,-2995,-3.66464,24,0.0309693,-229,-0.277607
1357,189,3,1.74662,-3020,-3.69531,18,0.0236074,-252,-0.305828
1358,189,4,1.74791,-3042,-3.72231,-3,-0.00215951,-273,-0.331595
1359,189,5,1.7492,-3046,-3.72721,11,0.0150184,-299,-0.363497
1360,189,6,1.75048,-3056,-3.73948,40,0.0506012,-321,-0.390491
1361,189,7,1.75177,-3085,-3.77507,15,0.0199264,-333,-0.405215
1362,190,0,1.75305,-3102,-3.79593,-12,-0.0132025,-331,-0.402761
1363,190,1,1.75434,-3094,-3.78611,1,0.00274847,-325,-0.395399
1364,190,2,1.75563,-3097,-3.78979,8,0.0113374,-316,-0.384356
1365,190,3,1.75691,-3131,-3.83151,-17,-0.0193374,-313,-0.380675
1366,190,4,1.7582,-3144,-3.84746,-38,-0.0451043,-329,-0.400307
1367,190,5,1.75949,-3140,-3.84255,-1,0.000294479,-358,-0.43589
1368,190,6,1.76077,-3158,-3.86464,5,0.00765644,-393,-0.478834
1369,190,7,1.76206,-3194,-3.90881,-14,-0.0156564,-423,-0.515644
1370,191,0,1.76334,-3211,-3.92967,-7,-0.00706748,-455,-0.554908
1371,191,1,1.76463,-3226,-3.94807,21,0.0272883,-495,-0.603988
1372,191,2,1.76592,-3262,-3.99225,8,0.0113374,-537,-0.655521
1373,191,3,1.7672,-3298,-4.03642,-13,-0.0144294,-571,-0.697239
1374,191,4,1.76849,-3311,-4.05237,15,0.0199264,-616,-0.752454
1375,191,5,1.76977,-3323,-4.06709,46,0.0579632,-655,-0.800307
1376,191,6,1.77106,-3355,-4.10636,31,0.0395583,-701,-0.856748
1377,192,0,1.77235,-3395,-4.15544,17,0.0223804,-737,-0.90092
1378,192,1,1.77363,-3426,-4.19347,44,0.0555092,-780,-0.953681
1379,192,2,1.77492,-3446,-4.21801,57,0.0714601,-816,-0.997853
1380,192,3,1.77621,-3477,-4.25605,36,0.0456933,-839,-1.02607
1381,192,4,1.77749,-3511,-4.29777,47,0.0591902,-885,-1.08252
1382,192,5,1.77878,-3544,-4.33826,86,0.107043,-910,-1.11319
1383,192,6,1.78006,-3575,-4.37629,83,0.103362,-948,-1.15982
1384,192,7,1.78135,-3653,-4.472,45,0.0567362,-1021,-1.24939
1385,193,0,1.78264,-3813,-4.66832,26,0.0334233,-1151,-1.4089
1386,193,1,1.78392,-3969,-4.85973,-95,-0.115043,-1289,-1.57822
1387,193,2,1.78521,-4093,-5.01188,-219,-0.26719,-1380,-1.68988
1388,193,3,1.7865,-4171,-5.10758,-162,-0.197252,-1455,-1.7819
1389,193,4,1.78778,-4253,-5.2082,-121,-0.146945,-1509,-1.84816
1390,193,5,1.78907,-4331,-5.3039,-174,-0.211975,-1522,-1.86411
1391,193,6,1.79035,-4362,-5.34194,-214,-0.261055,-1526,-1.86902
1392,193,7,1.79164,-4389,-5.37507,-110,-0.133448,-1544,-1.8911
1393,194,0,1.79293,354,0.444564,-4128,-5.06351,642,0.791104
1394,194,1,1.79421,221,0.281374,-4032,-4.94572,536,0.661043
1395,194,2,1.7955,102,0.135362,-3887,-4.7678,414,0.51135
1396,194,3,1.79678,21,0.0359755,-3652,-4.47946,319,0.394785
1397,194,4,1.79807,27,0.0433374,-3889,-4.77026,287,0.355521
1398,194,5,1.79936,102,0.135362,-3959,-4.85615,383,0.473313
1399,194,6,1.80064,193,0.247018,-3621,-4.44142,329,0.407055
1400,194,7,1.80193,190,0.243337,-3586,-4.39848,331,0.409509
1401,195,0,1.80322,354,0.444564,-4128,-5.06351,642,0.791104
1402,195,1,1.8045,221,0.281374,-4032,-4.94572,536,0.661043
1403,195,2,1.80579,102,0.135362,-3887,-4.7678,414,0.51135
1404,195,3,1.80707,21,0.0359755,-3652,-4.47946,319,0.394785
1405,195,4,1.80836,27,0.0433374,-3889,-4.77026,287,0.355521
1406,195,5,1.80965,102,0.135362,-3959,-4.85615,383,0.473313
1407,195,6,1.81093,193,0.247018,-3621,-4.44142,329,0.407055
1408,195,7,1.81222,190,0.243337,-3586,-4.39848,331,0.409509
1409,196,0,1.8135,363,0.455607,-3711,-4.55185,376,0.464724
1410,196,1,1.81479,559,0.696098,-3801,-4.66228,344,0.42546
1411,196,2,1.81608,729,0.904687,-3720,-4.5629,249,0.308896
1412,196,3,1.81736,741,0.919411,-3917,-4.80461,240,0.297853
1413,196,4,1.81865,748,0.928,-4112,-5.04388,200,0.248773
1414,196,5,1.81994,837,1.0372,-4197,-5.14817,62,0.0794479
1415,196,6,1.82122,906,1.12187,-4405,-5.40339,-57,-0.0665644
1416,196,7,1.82251,926,1.1464,-4773,-5.85492,-91,-0.108282
1417,197,0,1.82379,944,1.16849,-4877,-5.98253,-153,-0.184356
1418,197,1,1.82508,1030,1.27401,-4810,-5.90032,-220,-0.266564
1419,197,2,1.82637,1047,1.29487,-5006,-6.14081,-212,-0.256748
1420,197,3,1.82765,1123,1.38812,-5151,-6.31872,-172,-0.207669
1421,197,4,1.82894,1285,1.5869,-5110,-6.26842,-126,-0.151227
1422,197,5,1.83023,1397,1.72432,-5247,-6.43652,-105,-0.12546
1423,197,6,1.83151,1441,1.77831,-5470,-6.71013,-82,-0.0972393
1424,198,0,1.8328,1553,1.91573,-5520,-6.77148,-76,-0.0898773
1425,198,1,1.83408,1748,2.15499,-5655,-6.93713,-84,-0.0996933
1426,198,2,1.83537,1877,2.31328,-5876,-7.20829,-70,-0.0825153
1427,198,3,1.83666,1947,2.39917,-6042,-7.41198,-60,-0.0702454
1428,198,4,1.83794,1998,2.46174,-5979,-7.33467,-84,-0.0996933
1429,198,5,1.83923,2078,2.5599,-6025,-7.39112,-89,-0.105828
1430,198,6,1.84051,2141,2.6372,-6168,-7.56658,-86,-0.102147
1431,198,7,1.8418,2343,2.88506,-6228,-7.6402,-73,-0.0861963
1432,199,0,1.84309,2717,3.34395,-6277,-7.70032,-26,-0.0285276
1433,199,1,1.84437,3219,3.9599,-6509,-7.98498,65,0.0831288
1434,199,2,1.84566,3808,4.6826,-6724,-8.24879,148,0.184969
1435,199,3,1.84695,4444,5.46297,-6765,-8.29909,222,0.275767
1436,199,4,1.84823,4924,6.05193,-6856,-8.41075,276,0.342025
1437,199,5,1.84952,5227,6.42371,-6956,-8.53345,296,0.366564
1438,199,6,1.8508,5468,6.71941,-6954,-8.53099,259,0.321166
1439,199,7,1.85209,5606,6.88874,-6898,-8.46228,211,0.26227
1440,200,0,1.85338,5707,7.01266,-6942,-8.51627,179,0.223006
1441,200,1,1.85466,5837,7.17217,-6877,-8.43652,153,0.191104
1442,200,2,1.85595,6047,7.42984,-6586,-8.07946,83,0.105215
1443,200,3,1.85723,6243,7.67033,-6249,-7.66596,-28,-0.0309816
1444,200,4,1.85852,6573,8.07524,-5745,-7.04756,-171,-0.206442
1445,200,5,1.85981,7056,8.66788,-4714,-5.78253,-224,-0.271472
1446,200,6,1.86109,7260,8.91818,-3932,-4.82302,-227,-0.275153
1447,200,7,1.86238,7206,8.85193,-3651,-4.47823,-209,-0.253067
1448,201,0,1.86367,7167,8.80407,-3460,-4.24388,-261,-0.316871
1449,201,1,1.86495,7431,9.128,-841,-1.03038,-105,-0.12546
1450,201,2,1.86624,4530,5.56849,7712,9.4641,138,0.172699
1451,201,3,1.86752,2032,2.50346,9986,12.2543,357,0.441411
1452,201,4,1.86881,560,0.697325,10295,12.6334,471,0.581288
1453,201,5,1.8701,625,0.77708,9924,12.1782,352,0.435276
1454,201,6,1.87138,677,0.840883,10941,13.4261,219,0.272086
1455,202,0,1.87267,448,0.559902,11177,13.7156,208,0.258589
1456,202,1,1.87395,418,0.523092,10975,13.4678,346,0.427914
1457,202,2,1.87524,389,0.487509,10256,12.5856,374,0.46227
1458,202,3,1.87653,525,0.65438,9776,11.9966,492,0.607055
1459,202,4,1.87781,-570,-0.689178,6489,7.96348,531,0.654908
1460,202,5,1.8791,-1848,-2.25728,2355,2.89109,827,1.0181
1461,202,6,1.88039,-1914,-2.33826,-469,-0.573939,410,0.506442
1462,202,7,1.88167,-1118,-1.36157,-1583,-1.94081,242,0.300307
1463,203,0,1.88296,-644,-0.779975,-3559,-4.36535,-26,-0.0285276
1464,203,1,1.88424,-676,-0.819239,-4682,-5.74326,-136,-0.163497
1465,203,2,1.88553,-865,-1.05114,-5038,-6.18007,158,0.197239
1466,203,3,1.88682,-1410,-1.71985,-4288,-5.25983,709,0.873313
1467,203,4,1.8881,-1487,-1.81433,-4521,-5.54572,1056,1.29908
1468,203,5,1.88939,-1608,-1.9628,-4460,-5.47087,1128,1.38742
1469,203,6,1.89068,-940,-1.14317,-4423,-5.42547,1222,1.50276
1470,203,7,1.89196,-248,-0.294086,-4145,-5.08437,1406,1.72853
1471,204,0,1.89325,531,0.661742,-3862,-4.73713,1672,2.05491
1472,204,1,1.89453,1119,1.38321,-3576,-4.38621,1833,2.25245
1473,204,2,1.89582,1398,1.72555,-3467,-4.25247,1833,2.25245
1474,204,3,1.89711,1646,2.02984,-3562,-4.36903,1892,2.32485
1475,204,4,1.89839,1661,2.04825,-3408,-4.18007,1928,2.36902
1476,204,5,1.89968,1853,2.28383,-3315,-4.06596,1939,2.38252
1477,204,6,1.90096,1557,1.92064,-3079,-3.77639,1732,2.12853
1478,205,0,1.90225,483,0.602847,-924,-1.13222,1322,1.62546
1479,205,1,1.90354,-555,-0.670773,525,0.645693,865,1.06472
1480,205,2,1.90482,-882,-1.072,704,0.865325,753,0.927301
1481,205,3,1.90611,-753,-0.913718,227,0.280049,765,0.942025
1482,205,4,1.9074,-309,-0.368933,290,0.35735,689,0.848773
1483,205,5,1.90868,410,0.513276,311,0.383117,913,1.12362
1484,205,6,1.90997,711,0.882601,414,0.509497,1104,1.35798
1485,205,7,1.91125,530,0.660515,958,1.17698,1035,1.27331
1486,206,0,1.91254,292,0.368491,1423,1.74753,952,1.17147
1487,206,1,1.91383,377,0.472785,1461,1.79416,979,1.2046
1488,206,2,1.91511,598,0.743951,1165,1.43097,872,1.07331
1489,206,3,1.9164,639,0.794258,953,1.17085,633,0.780061
1490,206,4,1.91768,685,0.850699,1253,1.53894,514,0.634049
1491,206,5,1.91897,560,0.697325,1590,1.95244,423,0.522393
1492,206,6,1.92026,617,0.767264,1684,2.06778,316,0.391104
1493,206,7,1.92154,517,0.644564,1791,2.19907,238,0.295399
1494,207,0,1.92283,519,0.647018,1931,2.37085,206,0.256135
1495,207,1,1.92412,510,0.635975,2098,2.57575,221,0.27454
1496,207,2,1.9254,488,0.608982,2096,2.5733,279,0.345706
1497,207,3,1.92669,440,0.550086,2158,2.64937,368,0.454908
1498,207,4,1.92797,241,0.305914,2124,2.60766,355,0.438957
1499,207,5,1.92926,70,0.0960982,2132,2.61747,282,0.349387
1500,207,6,1.93055,-33,-0.0302822,2080,2.55367,167,0.208282
1501,208,0,1.93183,-8,0.000392638,1940,2.38189,-17,-0.0174847
1502,208,1,1.93312,-144,-0.166479,1285,1.57821,-312,-0.379448
1503,208,2,1.93441,-263,-0.312491,256,0.315632,-259,-0.314417
1504,208,3,1.93569,-325,-0.388564,-705,-0.863509,248,0.307669
1505,208,4,1.93698,-172,-0.200834,-714,-0.874552,655,0.807055
1506,208,5,1.93826,64,0.0887362,-325,-0.397252,823,1.01319
1507,208,6,1.93955,101,0.134135,-138,-0.167804,676,0.832822
1508,208,7,1.94084,181,0.232294,30,0.0383313,419,0.517485
1509,209,0,1.94212,301,0.379534,140,0.173301,267,0.330982
1510,209,1,1.94341,311,0.391804,196,0.242012,42,0.054908
1511,209,2,1.94469,246,0.312049,344,0.423607,-328,-0.39908
1512,209,3,1.94598,108,0.142724,669,0.82238,-541,-0.660429
1513,209,4,1.94727,-47,-0.0474601,821,1.00888,-543,-0.662883
1514,209,5,1.94855,-70,-0.075681,806,0.990479,-512,-0.624847
1515,209,6,1.94984,-35,-0.0327362,873,1.07269,-481,-0.58681
1516,209,7,1.95113,-34,-0.0315092,851,1.04569,-412,-0.502147
1517,210,0,1.95241,-30,-0.0266012,758,0.931583,-334,-0.406442
1518,210,1,1.9537,15,0.0286135,735,0.903362,-288,-0.35
1519,210,2,1.95498,55,0.0776933,776,0.953669,-271,-0.329141
1520,210,3,1.95627,71,0.0973252,718,0.882503,-304,-0.369632
1521,210,4,1.95756,78,0.105914,633,0.778209,-324,-0.394172
1522,210,5,1.95884,63,0.0875092,594,0.730356,-305,-0.370859
1523,210,6,1.96013,24,0.0396564,539,0.662871,-306,-0.372086
1524,211,0,1.96141,-16,-0.00942331,440,0.541399,-319,-0.388037
1525,211,1,1.9627,-33,-0.0302822,345,0.424834,-301,-0.365951
1526,211,2,1.96399,-13,-0.00574233,273,0.336491,-276,-0.335276
1527,211,3,1.96527,-9,-0.000834356,194,0.239558,-280,-0.340184
1528,211,4,1.96656,-13,-0.00574233,194,0.239558,-268,-0.32546
1529,211,5,1.96785,1,0.0114356,155,0.191706,-257,-0.311963
1530,211,6,1.96913,-6,0.00284663,31,0.0395583,-265,-0.321779
1531,211,7,1.97042,-18,-0.0118773,-12,-0.0132025,-270,-0.327914
1532,212,0,1.9717,-21,-0.0155583,-8,-0.00829448,-264,-0.320552
1533,212,1,1.97299,-21,-0.0155583,-63,-0.0757791,-277,-0.336503
1534,212,2,1.97428,-16,-0.00942331,-107,-0.129767,-284,-0.345092
1535,212,3,1.97556,-36,-0.0339632,-114,-0.138356,-275,-0.334049
1536,212,4,1.97685,-53,-0.0548221,-131,-0.159215,-272,-0.330368
1537,212,5,1.97814,-55,-0.0572761,-153,-0.186209,-272,-0.330368
1538,212,6,1.97942,-29,-0.0253742,-172,-0.209521,-251,-0.304601
1539,212,7,1.98071,5,0.0163436,-183,-0.223018,-260,-0.315644
1540,213,0,1.98199,18,0.0322945,-174,-0.211975,-268,-0.32546
1541,213,1,1.98328,15,0.0286135,-177,-0.215656,-257,-0.311963
1542,213,2,1.98457,-4,0.00530061,-203,-0.247558,-245,-0.297239
1543,213,3,1.98585,-17,-0.0106503,-223,-0.272098,-239,-0.289877
1544,213,4,1.98714,-26,-0.0216933,-211,-0.257374,-227,-0.275153
1545,213,5,1.98842,-29,-0.0253742,-197,-0.240196,-225,-0.272699
1546,213,6,1.98971,-22,-0.0167853,-211,-0.257374,-226,-0.273926
1547,213,7,1.991,-7,0.00161963,-208,-0.253693,-211,-0.255521
1548,214,0,1.99228,-13,-0.00574233,-180,-0.219337,-195,-0.23589
1549,214,1,1.99357,-12,-0.00451534,-178,-0.216883,-184,-0.222393
1550,214,2,1.99486,11,0.0237055,-193,-0.235288,-177,-0.213804
1551,214,3,1.99614,23,0.0384294,-180,-0.219337,-159,-0.191718
1552,214,4,1.99743,33,0.0506994,-160,-0.194798,-156,-0.188037
1553,214,5,1.99871,34,0.0519264,-183,-0.223018,-144,-0.173313
1554,214,6,2,15,0.0286135,-203,-0.247558,-115,-0.13773
